Workbook
Name xGT: _xlfn.LAMBDA(_xlpm.bd,_xlpm.r,_xlpm.c,IF(OR(_xlpm.r<1,_xlpm.r>8,_xlpm.c<1,_xlpm.c>8),"##",INDEX(_xlpm.bd,_xlpm.r,_xlpm.c)))
Name xVAL: _xlfn.LAMBDA(_xlpm.pc,IF(OR(_xlpm.pc="",_xlpm.pc="##"),0,_xlfn.SWITCH(LEFT(_xlpm.pc,1),"p",100,"n",320,"b",330,"r",500,"q",900,"k",20000,0)))
Name xPN: _xlfn.LAMBDA(_xlpm.pc,_xlfn.SWITCH(LEFT(_xlpm.pc,1),"p","Pawn","n","Knight","b","Bishop","r","Rook","q","Queen","k","King",""))
Name xGLY: _xlfn.LAMBDA(_xlpm.pc,_xlfn.SWITCH(_xlpm.pc,"k1","♔","q1","♕","r1","♖","b1","♗","n1","♘","p1","♙","k2","♚","q2","♛","r2","♜","b2","♝","n2","♞","p2","♟",""))
Name xSQ: _xlfn.LAMBDA(_xlpm.r,_xlpm.c,CHAR(64+_xlpm.c)&_xlpm.r)
Name xATT: _xlfn.LAMBDA(_xlpm.bd,_xlpm.tr,_xlpm.tc,_xlpm.by,xMINA(_xlpm.bd,_xlpm.tr,_xlpm.tc,_xlpm.by)>0)
Name xKLOC: _xlfn.LAMBDA(_xlpm.bd,_xlpm.sd,MAX(_xlfn.MAKEARRAY(8,8,_xlfn.LAMBDA(_xlpm.r,_xlpm.c,IF(INDEX(_xlpm.bd,_xlpm.r,_xlpm.c)="k"&_xlpm.sd,_xlpm.r*10+_xlpm.c,0)))))

Sheet Sheet1
B1: =IF(UPPER(livegame!I5)="K1","♔", IF(UPPER(livegame!I5)="Q1","♕", IF(UPPER(livegame!I5)="R1","♖", IF(UPPER(livegame!I5)="B1","♗", IF(UPPER(livegame!I5)="N1","♘", IF(UPPER(livegame!I5)="P1","♙", IF(UPPER(livegame!I5)="K2","♚", IF(UPPER(livegame!I5)="Q2","♛", IF(UPPER(livegame!I5)="R2","♜", IF(UPPER(livegame!I5)="B2","♝", IF(UPPER(livegame!I5)="N2","♞", IF(UPPER(livegame!I5)="P2","♟","")))))))))))) -> ♖ | C1: =IF(UPPER(livegame!J5)="K1","♔", IF(UPPER(livegame!J5)="Q1","♕", IF(UPPER(livegame!J5)="R1","♖", IF(UPPER(livegame!J5)="B1","♗", IF(UPPER(livegame!J5)="N1","♘", IF(UPPER(livegame!J5)="P1","♙", IF(UPPER(livegame!J5)="K2","♚", IF(UPPER(livegame!J5)="Q2","♛", IF(UPPER(livegame!J5)="R2","♜", IF(UPPER(livegame!J5)="B2","♝", IF(UPPER(livegame!J5)="N2","♞", IF(UPPER(livegame!J5)="P2","♟","")))))))))))) -> ♘ | D1: =IF(UPPER(livegame!K5)="K1","♔", IF(UPPER(livegame!K5)="Q1","♕", IF(UPPER(livegame!K5)="R1","♖", IF(UPPER(livegame!K5)="B1","♗", IF(UPPER(livegame!K5)="N1","♘", IF(UPPER(livegame!K5)="P1","♙", IF(UPPER(livegame!K5)="K2","♚", IF(UPPER(livegame!K5)="Q2","♛", IF(UPPER(livegame!K5)="R2","♜", IF(UPPER(livegame!K5)="B2","♝", IF(UPPER(livegame!K5)="N2","♞", IF(UPPER(livegame!K5)="P2","♟","")))))))))))) -> ♗ | E1: =IF(UPPER(livegame!L5)="K1","♔", IF(UPPER(livegame!L5)="Q1","♕", IF(UPPER(livegame!L5)="R1","♖", IF(UPPER(livegame!L5)="B1","♗", IF(UPPER(livegame!L5)="N1","♘", IF(UPPER(livegame!L5)="P1","♙", IF(UPPER(livegame!L5)="K2","♚", IF(UPPER(livegame!L5)="Q2","♛", IF(UPPER(livegame!L5)="R2","♜", IF(UPPER(livegame!L5)="B2","♝", IF(UPPER(livegame!L5)="N2","♞", IF(UPPER(livegame!L5)="P2","♟","")))))))))))) -> ♔ | F1: =IF(UPPER(livegame!M5)="K1","♔", IF(UPPER(livegame!M5)="Q1","♕", IF(UPPER(livegame!M5)="R1","♖", IF(UPPER(livegame!M5)="B1","♗", IF(UPPER(livegame!M5)="N1","♘", IF(UPPER(livegame!M5)="P1","♙", IF(UPPER(livegame!M5)="K2","♚", IF(UPPER(livegame!M5)="Q2","♛", IF(UPPER(livegame!M5)="R2","♜", IF(UPPER(livegame!M5)="B2","♝", IF(UPPER(livegame!M5)="N2","♞", IF(UPPER(livegame!M5)="P2","♟","")))))))))))) -> ♕ | G1: =IF(UPPER(livegame!N5)="K1","♔", IF(UPPER(livegame!N5)="Q1","♕", IF(UPPER(livegame!N5)="R1","♖", IF(UPPER(livegame!N5)="B1","♗", IF(UPPER(livegame!N5)="N1","♘", IF(UPPER(livegame!N5)="P1","♙", IF(UPPER(livegame!N5)="K2","♚", IF(UPPER(livegame!N5)="Q2","♛", IF(UPPER(livegame!N5)="R2","♜", IF(UPPER(livegame!N5)="B2","♝", IF(UPPER(livegame!N5)="N2","♞", IF(UPPER(livegame!N5)="P2","♟","")))))))))))) -> ♗ | H1: =IF(UPPER(livegame!O5)="K1","♔", IF(UPPER(livegame!O5)="Q1","♕", IF(UPPER(livegame!O5)="R1","♖", IF(UPPER(livegame!O5)="B1","♗", IF(UPPER(livegame!O5)="N1","♘", IF(UPPER(livegame!O5)="P1","♙", IF(UPPER(livegame!O5)="K2","♚", IF(UPPER(livegame!O5)="Q2","♛", IF(UPPER(livegame!O5)="R2","♜", IF(UPPER(livegame!O5)="B2","♝", IF(UPPER(livegame!O5)="N2","♞", IF(UPPER(livegame!O5)="P2","♟","")))))))))))) -> ♘ | I1: =IF(UPPER(livegame!P5)="K1","♔", IF(UPPER(livegame!P5)="Q1","♕", IF(UPPER(livegame!P5)="R1","♖", IF(UPPER(livegame!P5)="B1","♗", IF(UPPER(livegame!P5)="N1","♘", IF(UPPER(livegame!P5)="P1","♙", IF(UPPER(livegame!P5)="K2","♚", IF(UPPER(livegame!P5)="Q2","♛", IF(UPPER(livegame!P5)="R2","♜", IF(UPPER(livegame!P5)="B2","♝", IF(UPPER(livegame!P5)="N2","♞", IF(UPPER(livegame!P5)="P2","♟","")))))))))))) -> ♖ | K1: =IF(livegame!S17<>"",livegame!S17,IF(AND(livegame!X23<>"",livegame!X23<>0),livegame!X23,IF(livegame!R16=1,"♔ WHITE TO MOVE","♚ BLACK TO MOVE")))
B2: =IF(UPPER(livegame!I6)="K1","♔", IF(UPPER(livegame!I6)="Q1","♕", IF(UPPER(livegame!I6)="R1","♖", IF(UPPER(livegame!I6)="B1","♗", IF(UPPER(livegame!I6)="N1","♘", IF(UPPER(livegame!I6)="P1","♙", IF(UPPER(livegame!I6)="K2","♚", IF(UPPER(livegame!I6)="Q2","♛", IF(UPPER(livegame!I6)="R2","♜", IF(UPPER(livegame!I6)="B2","♝", IF(UPPER(livegame!I6)="N2","♞", IF(UPPER(livegame!I6)="P2","♟","")))))))))))) -> ♙ | C2: =IF(UPPER(livegame!J6)="K1","♔", IF(UPPER(livegame!J6)="Q1","♕", IF(UPPER(livegame!J6)="R1","♖", IF(UPPER(livegame!J6)="B1","♗", IF(UPPER(livegame!J6)="N1","♘", IF(UPPER(livegame!J6)="P1","♙", IF(UPPER(livegame!J6)="K2","♚", IF(UPPER(livegame!J6)="Q2","♛", IF(UPPER(livegame!J6)="R2","♜", IF(UPPER(livegame!J6)="B2","♝", IF(UPPER(livegame!J6)="N2","♞", IF(UPPER(livegame!J6)="P2","♟","")))))))))))) -> ♙ | D2: =IF(UPPER(livegame!K6)="K1","♔", IF(UPPER(livegame!K6)="Q1","♕", IF(UPPER(livegame!K6)="R1","♖", IF(UPPER(livegame!K6)="B1","♗", IF(UPPER(livegame!K6)="N1","♘", IF(UPPER(livegame!K6)="P1","♙", IF(UPPER(livegame!K6)="K2","♚", IF(UPPER(livegame!K6)="Q2","♛", IF(UPPER(livegame!K6)="R2","♜", IF(UPPER(livegame!K6)="B2","♝", IF(UPPER(livegame!K6)="N2","♞", IF(UPPER(livegame!K6)="P2","♟","")))))))))))) -> ♙ | E2: =IF(UPPER(livegame!L6)="K1","♔", IF(UPPER(livegame!L6)="Q1","♕", IF(UPPER(livegame!L6)="R1","♖", IF(UPPER(livegame!L6)="B1","♗", IF(UPPER(livegame!L6)="N1","♘", IF(UPPER(livegame!L6)="P1","♙", IF(UPPER(livegame!L6)="K2","♚", IF(UPPER(livegame!L6)="Q2","♛", IF(UPPER(livegame!L6)="R2","♜", IF(UPPER(livegame!L6)="B2","♝", IF(UPPER(livegame!L6)="N2","♞", IF(UPPER(livegame!L6)="P2","♟","")))))))))))) -> ♙ | F2: =IF(UPPER(livegame!M6)="K1","♔", IF(UPPER(livegame!M6)="Q1","♕", IF(UPPER(livegame!M6)="R1","♖", IF(UPPER(livegame!M6)="B1","♗", IF(UPPER(livegame!M6)="N1","♘", IF(UPPER(livegame!M6)="P1","♙", IF(UPPER(livegame!M6)="K2","♚", IF(UPPER(livegame!M6)="Q2","♛", IF(UPPER(livegame!M6)="R2","♜", IF(UPPER(livegame!M6)="B2","♝", IF(UPPER(livegame!M6)="N2","♞", IF(UPPER(livegame!M6)="P2","♟","")))))))))))) -> ♙ | G2: =IF(UPPER(livegame!N6)="K1","♔", IF(UPPER(livegame!N6)="Q1","♕", IF(UPPER(livegame!N6)="R1","♖", IF(UPPER(livegame!N6)="B1","♗", IF(UPPER(livegame!N6)="N1","♘", IF(UPPER(livegame!N6)="P1","♙", IF(UPPER(livegame!N6)="K2","♚", IF(UPPER(livegame!N6)="Q2","♛", IF(UPPER(livegame!N6)="R2","♜", IF(UPPER(livegame!N6)="B2","♝", IF(UPPER(livegame!N6)="N2","♞", IF(UPPER(livegame!N6)="P2","♟","")))))))))))) -> ♙ | H2: =IF(UPPER(livegame!O6)="K1","♔", IF(UPPER(livegame!O6)="Q1","♕", IF(UPPER(livegame!O6)="R1","♖", IF(UPPER(livegame!O6)="B1","♗", IF(UPPER(livegame!O6)="N1","♘", IF(UPPER(livegame!O6)="P1","♙", IF(UPPER(livegame!O6)="K2","♚", IF(UPPER(livegame!O6)="Q2","♛", IF(UPPER(livegame!O6)="R2","♜", IF(UPPER(livegame!O6)="B2","♝", IF(UPPER(livegame!O6)="N2","♞", IF(UPPER(livegame!O6)="P2","♟","")))))))))))) -> ♙ | I2: =IF(UPPER(livegame!P6)="K1","♔", IF(UPPER(livegame!P6)="Q1","♕", IF(UPPER(livegame!P6)="R1","♖", IF(UPPER(livegame!P6)="B1","♗", IF(UPPER(livegame!P6)="N1","♘", IF(UPPER(livegame!P6)="P1","♙", IF(UPPER(livegame!P6)="K2","♚", IF(UPPER(livegame!P6)="Q2","♛", IF(UPPER(livegame!P6)="R2","♜", IF(UPPER(livegame!P6)="B2","♝", IF(UPPER(livegame!P6)="N2","♞", IF(UPPER(livegame!P6)="P2","♟","")))))))))))) -> ♙ | K2: TRUE | L2: =IF(K2,"Green to Play","Gray to Reset") -> Green to Play
B3: =IF(UPPER(livegame!I7)="K1","♔", IF(UPPER(livegame!I7)="Q1","♕", IF(UPPER(livegame!I7)="R1","♖", IF(UPPER(livegame!I7)="B1","♗", IF(UPPER(livegame!I7)="N1","♘", IF(UPPER(livegame!I7)="P1","♙", IF(UPPER(livegame!I7)="K2","♚", IF(UPPER(livegame!I7)="Q2","♛", IF(UPPER(livegame!I7)="R2","♜", IF(UPPER(livegame!I7)="B2","♝", IF(UPPER(livegame!I7)="N2","♞", IF(UPPER(livegame!I7)="P2","♟","")))))))))))) | C3: =IF(UPPER(livegame!J7)="K1","♔", IF(UPPER(livegame!J7)="Q1","♕", IF(UPPER(livegame!J7)="R1","♖", IF(UPPER(livegame!J7)="B1","♗", IF(UPPER(livegame!J7)="N1","♘", IF(UPPER(livegame!J7)="P1","♙", IF(UPPER(livegame!J7)="K2","♚", IF(UPPER(livegame!J7)="Q2","♛", IF(UPPER(livegame!J7)="R2","♜", IF(UPPER(livegame!J7)="B2","♝", IF(UPPER(livegame!J7)="N2","♞", IF(UPPER(livegame!J7)="P2","♟","")))))))))))) | D3: =IF(UPPER(livegame!K7)="K1","♔", IF(UPPER(livegame!K7)="Q1","♕", IF(UPPER(livegame!K7)="R1","♖", IF(UPPER(livegame!K7)="B1","♗", IF(UPPER(livegame!K7)="N1","♘", IF(UPPER(livegame!K7)="P1","♙", IF(UPPER(livegame!K7)="K2","♚", IF(UPPER(livegame!K7)="Q2","♛", IF(UPPER(livegame!K7)="R2","♜", IF(UPPER(livegame!K7)="B2","♝", IF(UPPER(livegame!K7)="N2","♞", IF(UPPER(livegame!K7)="P2","♟","")))))))))))) | E3: =IF(UPPER(livegame!L7)="K1","♔", IF(UPPER(livegame!L7)="Q1","♕", IF(UPPER(livegame!L7)="R1","♖", IF(UPPER(livegame!L7)="B1","♗", IF(UPPER(livegame!L7)="N1","♘", IF(UPPER(livegame!L7)="P1","♙", IF(UPPER(livegame!L7)="K2","♚", IF(UPPER(livegame!L7)="Q2","♛", IF(UPPER(livegame!L7)="R2","♜", IF(UPPER(livegame!L7)="B2","♝", IF(UPPER(livegame!L7)="N2","♞", IF(UPPER(livegame!L7)="P2","♟","")))))))))))) | F3: =IF(UPPER(livegame!M7)="K1","♔", IF(UPPER(livegame!M7)="Q1","♕", IF(UPPER(livegame!M7)="R1","♖", IF(UPPER(livegame!M7)="B1","♗", IF(UPPER(livegame!M7)="N1","♘", IF(UPPER(livegame!M7)="P1","♙", IF(UPPER(livegame!M7)="K2","♚", IF(UPPER(livegame!M7)="Q2","♛", IF(UPPER(livegame!M7)="R2","♜", IF(UPPER(livegame!M7)="B2","♝", IF(UPPER(livegame!M7)="N2","♞", IF(UPPER(livegame!M7)="P2","♟","")))))))))))) | G3: =IF(UPPER(livegame!N7)="K1","♔", IF(UPPER(livegame!N7)="Q1","♕", IF(UPPER(livegame!N7)="R1","♖", IF(UPPER(livegame!N7)="B1","♗", IF(UPPER(livegame!N7)="N1","♘", IF(UPPER(livegame!N7)="P1","♙", IF(UPPER(livegame!N7)="K2","♚", IF(UPPER(livegame!N7)="Q2","♛", IF(UPPER(livegame!N7)="R2","♜", IF(UPPER(livegame!N7)="B2","♝", IF(UPPER(livegame!N7)="N2","♞", IF(UPPER(livegame!N7)="P2","♟","")))))))))))) | H3: =IF(UPPER(livegame!O7)="K1","♔", IF(UPPER(livegame!O7)="Q1","♕", IF(UPPER(livegame!O7)="R1","♖", IF(UPPER(livegame!O7)="B1","♗", IF(UPPER(livegame!O7)="N1","♘", IF(UPPER(livegame!O7)="P1","♙", IF(UPPER(livegame!O7)="K2","♚", IF(UPPER(livegame!O7)="Q2","♛", IF(UPPER(livegame!O7)="R2","♜", IF(UPPER(livegame!O7)="B2","♝", IF(UPPER(livegame!O7)="N2","♞", IF(UPPER(livegame!O7)="P2","♟","")))))))))))) | I3: =IF(UPPER(livegame!P7)="K1","♔", IF(UPPER(livegame!P7)="Q1","♕", IF(UPPER(livegame!P7)="R1","♖", IF(UPPER(livegame!P7)="B1","♗", IF(UPPER(livegame!P7)="N1","♘", IF(UPPER(livegame!P7)="P1","♙", IF(UPPER(livegame!P7)="K2","♚", IF(UPPER(livegame!P7)="Q2","♛", IF(UPPER(livegame!P7)="R2","♜", IF(UPPER(livegame!P7)="B2","♝", IF(UPPER(livegame!P7)="N2","♞", IF(UPPER(livegame!P7)="P2","♟","")))))))))))) | K3: Tips: Blue indicates castling Eat the enemy king to win Todo: En Passant only at right times Pt. 1 of Caden's Microsoft Menagerie © 2026 Cifyr
B4: =IF(UPPER(livegame!I8)="K1","♔", IF(UPPER(livegame!I8)="Q1","♕", IF(UPPER(livegame!I8)="R1","♖", IF(UPPER(livegame!I8)="B1","♗", IF(UPPER(livegame!I8)="N1","♘", IF(UPPER(livegame!I8)="P1","♙", IF(UPPER(livegame!I8)="K2","♚", IF(UPPER(livegame!I8)="Q2","♛", IF(UPPER(livegame!I8)="R2","♜", IF(UPPER(livegame!I8)="B2","♝", IF(UPPER(livegame!I8)="N2","♞", IF(UPPER(livegame!I8)="P2","♟","")))))))))))) | C4: =IF(UPPER(livegame!J8)="K1","♔", IF(UPPER(livegame!J8)="Q1","♕", IF(UPPER(livegame!J8)="R1","♖", IF(UPPER(livegame!J8)="B1","♗", IF(UPPER(livegame!J8)="N1","♘", IF(UPPER(livegame!J8)="P1","♙", IF(UPPER(livegame!J8)="K2","♚", IF(UPPER(livegame!J8)="Q2","♛", IF(UPPER(livegame!J8)="R2","♜", IF(UPPER(livegame!J8)="B2","♝", IF(UPPER(livegame!J8)="N2","♞", IF(UPPER(livegame!J8)="P2","♟","")))))))))))) | D4: =IF(UPPER(livegame!K8)="K1","♔", IF(UPPER(livegame!K8)="Q1","♕", IF(UPPER(livegame!K8)="R1","♖", IF(UPPER(livegame!K8)="B1","♗", IF(UPPER(livegame!K8)="N1","♘", IF(UPPER(livegame!K8)="P1","♙", IF(UPPER(livegame!K8)="K2","♚", IF(UPPER(livegame!K8)="Q2","♛", IF(UPPER(livegame!K8)="R2","♜", IF(UPPER(livegame!K8)="B2","♝", IF(UPPER(livegame!K8)="N2","♞", IF(UPPER(livegame!K8)="P2","♟","")))))))))))) | E4: =IF(UPPER(livegame!L8)="K1","♔", IF(UPPER(livegame!L8)="Q1","♕", IF(UPPER(livegame!L8)="R1","♖", IF(UPPER(livegame!L8)="B1","♗", IF(UPPER(livegame!L8)="N1","♘", IF(UPPER(livegame!L8)="P1","♙", IF(UPPER(livegame!L8)="K2","♚", IF(UPPER(livegame!L8)="Q2","♛", IF(UPPER(livegame!L8)="R2","♜", IF(UPPER(livegame!L8)="B2","♝", IF(UPPER(livegame!L8)="N2","♞", IF(UPPER(livegame!L8)="P2","♟","")))))))))))) | F4: =IF(UPPER(livegame!M8)="K1","♔", IF(UPPER(livegame!M8)="Q1","♕", IF(UPPER(livegame!M8)="R1","♖", IF(UPPER(livegame!M8)="B1","♗", IF(UPPER(livegame!M8)="N1","♘", IF(UPPER(livegame!M8)="P1","♙", IF(UPPER(livegame!M8)="K2","♚", IF(UPPER(livegame!M8)="Q2","♛", IF(UPPER(livegame!M8)="R2","♜", IF(UPPER(livegame!M8)="B2","♝", IF(UPPER(livegame!M8)="N2","♞", IF(UPPER(livegame!M8)="P2","♟","")))))))))))) | G4: =IF(UPPER(livegame!N8)="K1","♔", IF(UPPER(livegame!N8)="Q1","♕", IF(UPPER(livegame!N8)="R1","♖", IF(UPPER(livegame!N8)="B1","♗", IF(UPPER(livegame!N8)="N1","♘", IF(UPPER(livegame!N8)="P1","♙", IF(UPPER(livegame!N8)="K2","♚", IF(UPPER(livegame!N8)="Q2","♛", IF(UPPER(livegame!N8)="R2","♜", IF(UPPER(livegame!N8)="B2","♝", IF(UPPER(livegame!N8)="N2","♞", IF(UPPER(livegame!N8)="P2","♟","")))))))))))) | H4: =IF(UPPER(livegame!O8)="K1","♔", IF(UPPER(livegame!O8)="Q1","♕", IF(UPPER(livegame!O8)="R1","♖", IF(UPPER(livegame!O8)="B1","♗", IF(UPPER(livegame!O8)="N1","♘", IF(UPPER(livegame!O8)="P1","♙", IF(UPPER(livegame!O8)="K2","♚", IF(UPPER(livegame!O8)="Q2","♛", IF(UPPER(livegame!O8)="R2","♜", IF(UPPER(livegame!O8)="B2","♝", IF(UPPER(livegame!O8)="N2","♞", IF(UPPER(livegame!O8)="P2","♟","")))))))))))) | I4: =IF(UPPER(livegame!P8)="K1","♔", IF(UPPER(livegame!P8)="Q1","♕", IF(UPPER(livegame!P8)="R1","♖", IF(UPPER(livegame!P8)="B1","♗", IF(UPPER(livegame!P8)="N1","♘", IF(UPPER(livegame!P8)="P1","♙", IF(UPPER(livegame!P8)="K2","♚", IF(UPPER(livegame!P8)="Q2","♛", IF(UPPER(livegame!P8)="R2","♜", IF(UPPER(livegame!P8)="B2","♝", IF(UPPER(livegame!P8)="N2","♞", IF(UPPER(livegame!P8)="P2","♟",""))))))))))))
B5: =IF(UPPER(livegame!I9)="K1","♔", IF(UPPER(livegame!I9)="Q1","♕", IF(UPPER(livegame!I9)="R1","♖", IF(UPPER(livegame!I9)="B1","♗", IF(UPPER(livegame!I9)="N1","♘", IF(UPPER(livegame!I9)="P1","♙", IF(UPPER(livegame!I9)="K2","♚", IF(UPPER(livegame!I9)="Q2","♛", IF(UPPER(livegame!I9)="R2","♜", IF(UPPER(livegame!I9)="B2","♝", IF(UPPER(livegame!I9)="N2","♞", IF(UPPER(livegame!I9)="P2","♟","")))))))))))) | C5: =IF(UPPER(livegame!J9)="K1","♔", IF(UPPER(livegame!J9)="Q1","♕", IF(UPPER(livegame!J9)="R1","♖", IF(UPPER(livegame!J9)="B1","♗", IF(UPPER(livegame!J9)="N1","♘", IF(UPPER(livegame!J9)="P1","♙", IF(UPPER(livegame!J9)="K2","♚", IF(UPPER(livegame!J9)="Q2","♛", IF(UPPER(livegame!J9)="R2","♜", IF(UPPER(livegame!J9)="B2","♝", IF(UPPER(livegame!J9)="N2","♞", IF(UPPER(livegame!J9)="P2","♟","")))))))))))) | D5: =IF(UPPER(livegame!K9)="K1","♔", IF(UPPER(livegame!K9)="Q1","♕", IF(UPPER(livegame!K9)="R1","♖", IF(UPPER(livegame!K9)="B1","♗", IF(UPPER(livegame!K9)="N1","♘", IF(UPPER(livegame!K9)="P1","♙", IF(UPPER(livegame!K9)="K2","♚", IF(UPPER(livegame!K9)="Q2","♛", IF(UPPER(livegame!K9)="R2","♜", IF(UPPER(livegame!K9)="B2","♝", IF(UPPER(livegame!K9)="N2","♞", IF(UPPER(livegame!K9)="P2","♟","")))))))))))) | E5: =IF(UPPER(livegame!L9)="K1","♔", IF(UPPER(livegame!L9)="Q1","♕", IF(UPPER(livegame!L9)="R1","♖", IF(UPPER(livegame!L9)="B1","♗", IF(UPPER(livegame!L9)="N1","♘", IF(UPPER(livegame!L9)="P1","♙", IF(UPPER(livegame!L9)="K2","♚", IF(UPPER(livegame!L9)="Q2","♛", IF(UPPER(livegame!L9)="R2","♜", IF(UPPER(livegame!L9)="B2","♝", IF(UPPER(livegame!L9)="N2","♞", IF(UPPER(livegame!L9)="P2","♟","")))))))))))) | F5: =IF(UPPER(livegame!M9)="K1","♔", IF(UPPER(livegame!M9)="Q1","♕", IF(UPPER(livegame!M9)="R1","♖", IF(UPPER(livegame!M9)="B1","♗", IF(UPPER(livegame!M9)="N1","♘", IF(UPPER(livegame!M9)="P1","♙", IF(UPPER(livegame!M9)="K2","♚", IF(UPPER(livegame!M9)="Q2","♛", IF(UPPER(livegame!M9)="R2","♜", IF(UPPER(livegame!M9)="B2","♝", IF(UPPER(livegame!M9)="N2","♞", IF(UPPER(livegame!M9)="P2","♟","")))))))))))) | G5: =IF(UPPER(livegame!N9)="K1","♔", IF(UPPER(livegame!N9)="Q1","♕", IF(UPPER(livegame!N9)="R1","♖", IF(UPPER(livegame!N9)="B1","♗", IF(UPPER(livegame!N9)="N1","♘", IF(UPPER(livegame!N9)="P1","♙", IF(UPPER(livegame!N9)="K2","♚", IF(UPPER(livegame!N9)="Q2","♛", IF(UPPER(livegame!N9)="R2","♜", IF(UPPER(livegame!N9)="B2","♝", IF(UPPER(livegame!N9)="N2","♞", IF(UPPER(livegame!N9)="P2","♟","")))))))))))) | H5: =IF(UPPER(livegame!O9)="K1","♔", IF(UPPER(livegame!O9)="Q1","♕", IF(UPPER(livegame!O9)="R1","♖", IF(UPPER(livegame!O9)="B1","♗", IF(UPPER(livegame!O9)="N1","♘", IF(UPPER(livegame!O9)="P1","♙", IF(UPPER(livegame!O9)="K2","♚", IF(UPPER(livegame!O9)="Q2","♛", IF(UPPER(livegame!O9)="R2","♜", IF(UPPER(livegame!O9)="B2","♝", IF(UPPER(livegame!O9)="N2","♞", IF(UPPER(livegame!O9)="P2","♟","")))))))))))) | I5: =IF(UPPER(livegame!P9)="K1","♔", IF(UPPER(livegame!P9)="Q1","♕", IF(UPPER(livegame!P9)="R1","♖", IF(UPPER(livegame!P9)="B1","♗", IF(UPPER(livegame!P9)="N1","♘", IF(UPPER(livegame!P9)="P1","♙", IF(UPPER(livegame!P9)="K2","♚", IF(UPPER(livegame!P9)="Q2","♛", IF(UPPER(livegame!P9)="R2","♜", IF(UPPER(livegame!P9)="B2","♝", IF(UPPER(livegame!P9)="N2","♞", IF(UPPER(livegame!P9)="P2","♟","")))))))))))) | Q5: =K2 -> TRUE | R5: started
B6: =IF(UPPER(livegame!I10)="K1","♔", IF(UPPER(livegame!I10)="Q1","♕", IF(UPPER(livegame!I10)="R1","♖", IF(UPPER(livegame!I10)="B1","♗", IF(UPPER(livegame!I10)="N1","♘", IF(UPPER(livegame!I10)="P1","♙", IF(UPPER(livegame!I10)="K2","♚", IF(UPPER(livegame!I10)="Q2","♛", IF(UPPER(livegame!I10)="R2","♜", IF(UPPER(livegame!I10)="B2","♝", IF(UPPER(livegame!I10)="N2","♞", IF(UPPER(livegame!I10)="P2","♟","")))))))))))) | C6: =IF(UPPER(livegame!J10)="K1","♔", IF(UPPER(livegame!J10)="Q1","♕", IF(UPPER(livegame!J10)="R1","♖", IF(UPPER(livegame!J10)="B1","♗", IF(UPPER(livegame!J10)="N1","♘", IF(UPPER(livegame!J10)="P1","♙", IF(UPPER(livegame!J10)="K2","♚", IF(UPPER(livegame!J10)="Q2","♛", IF(UPPER(livegame!J10)="R2","♜", IF(UPPER(livegame!J10)="B2","♝", IF(UPPER(livegame!J10)="N2","♞", IF(UPPER(livegame!J10)="P2","♟","")))))))))))) | D6: =IF(UPPER(livegame!K10)="K1","♔", IF(UPPER(livegame!K10)="Q1","♕", IF(UPPER(livegame!K10)="R1","♖", IF(UPPER(livegame!K10)="B1","♗", IF(UPPER(livegame!K10)="N1","♘", IF(UPPER(livegame!K10)="P1","♙", IF(UPPER(livegame!K10)="K2","♚", IF(UPPER(livegame!K10)="Q2","♛", IF(UPPER(livegame!K10)="R2","♜", IF(UPPER(livegame!K10)="B2","♝", IF(UPPER(livegame!K10)="N2","♞", IF(UPPER(livegame!K10)="P2","♟","")))))))))))) | E6: =IF(UPPER(livegame!L10)="K1","♔", IF(UPPER(livegame!L10)="Q1","♕", IF(UPPER(livegame!L10)="R1","♖", IF(UPPER(livegame!L10)="B1","♗", IF(UPPER(livegame!L10)="N1","♘", IF(UPPER(livegame!L10)="P1","♙", IF(UPPER(livegame!L10)="K2","♚", IF(UPPER(livegame!L10)="Q2","♛", IF(UPPER(livegame!L10)="R2","♜", IF(UPPER(livegame!L10)="B2","♝", IF(UPPER(livegame!L10)="N2","♞", IF(UPPER(livegame!L10)="P2","♟","")))))))))))) | F6: =IF(UPPER(livegame!M10)="K1","♔", IF(UPPER(livegame!M10)="Q1","♕", IF(UPPER(livegame!M10)="R1","♖", IF(UPPER(livegame!M10)="B1","♗", IF(UPPER(livegame!M10)="N1","♘", IF(UPPER(livegame!M10)="P1","♙", IF(UPPER(livegame!M10)="K2","♚", IF(UPPER(livegame!M10)="Q2","♛", IF(UPPER(livegame!M10)="R2","♜", IF(UPPER(livegame!M10)="B2","♝", IF(UPPER(livegame!M10)="N2","♞", IF(UPPER(livegame!M10)="P2","♟","")))))))))))) | G6: =IF(UPPER(livegame!N10)="K1","♔", IF(UPPER(livegame!N10)="Q1","♕", IF(UPPER(livegame!N10)="R1","♖", IF(UPPER(livegame!N10)="B1","♗", IF(UPPER(livegame!N10)="N1","♘", IF(UPPER(livegame!N10)="P1","♙", IF(UPPER(livegame!N10)="K2","♚", IF(UPPER(livegame!N10)="Q2","♛", IF(UPPER(livegame!N10)="R2","♜", IF(UPPER(livegame!N10)="B2","♝", IF(UPPER(livegame!N10)="N2","♞", IF(UPPER(livegame!N10)="P2","♟","")))))))))))) | H6: =IF(UPPER(livegame!O10)="K1","♔", IF(UPPER(livegame!O10)="Q1","♕", IF(UPPER(livegame!O10)="R1","♖", IF(UPPER(livegame!O10)="B1","♗", IF(UPPER(livegame!O10)="N1","♘", IF(UPPER(livegame!O10)="P1","♙", IF(UPPER(livegame!O10)="K2","♚", IF(UPPER(livegame!O10)="Q2","♛", IF(UPPER(livegame!O10)="R2","♜", IF(UPPER(livegame!O10)="B2","♝", IF(UPPER(livegame!O10)="N2","♞", IF(UPPER(livegame!O10)="P2","♟","")))))))))))) | I6: =IF(UPPER(livegame!P10)="K1","♔", IF(UPPER(livegame!P10)="Q1","♕", IF(UPPER(livegame!P10)="R1","♖", IF(UPPER(livegame!P10)="B1","♗", IF(UPPER(livegame!P10)="N1","♘", IF(UPPER(livegame!P10)="P1","♙", IF(UPPER(livegame!P10)="K2","♚", IF(UPPER(livegame!P10)="Q2","♛", IF(UPPER(livegame!P10)="R2","♜", IF(UPPER(livegame!P10)="B2","♝", IF(UPPER(livegame!P10)="N2","♞", IF(UPPER(livegame!P10)="P2","♟","")))))))))))) | Q6: =livegame!S17
B7: =IF(UPPER(livegame!I11)="K1","♔", IF(UPPER(livegame!I11)="Q1","♕", IF(UPPER(livegame!I11)="R1","♖", IF(UPPER(livegame!I11)="B1","♗", IF(UPPER(livegame!I11)="N1","♘", IF(UPPER(livegame!I11)="P1","♙", IF(UPPER(livegame!I11)="K2","♚", IF(UPPER(livegame!I11)="Q2","♛", IF(UPPER(livegame!I11)="R2","♜", IF(UPPER(livegame!I11)="B2","♝", IF(UPPER(livegame!I11)="N2","♞", IF(UPPER(livegame!I11)="P2","♟","")))))))))))) -> ♟ | C7: =IF(UPPER(livegame!J11)="K1","♔", IF(UPPER(livegame!J11)="Q1","♕", IF(UPPER(livegame!J11)="R1","♖", IF(UPPER(livegame!J11)="B1","♗", IF(UPPER(livegame!J11)="N1","♘", IF(UPPER(livegame!J11)="P1","♙", IF(UPPER(livegame!J11)="K2","♚", IF(UPPER(livegame!J11)="Q2","♛", IF(UPPER(livegame!J11)="R2","♜", IF(UPPER(livegame!J11)="B2","♝", IF(UPPER(livegame!J11)="N2","♞", IF(UPPER(livegame!J11)="P2","♟","")))))))))))) -> ♟ | D7: =IF(UPPER(livegame!K11)="K1","♔", IF(UPPER(livegame!K11)="Q1","♕", IF(UPPER(livegame!K11)="R1","♖", IF(UPPER(livegame!K11)="B1","♗", IF(UPPER(livegame!K11)="N1","♘", IF(UPPER(livegame!K11)="P1","♙", IF(UPPER(livegame!K11)="K2","♚", IF(UPPER(livegame!K11)="Q2","♛", IF(UPPER(livegame!K11)="R2","♜", IF(UPPER(livegame!K11)="B2","♝", IF(UPPER(livegame!K11)="N2","♞", IF(UPPER(livegame!K11)="P2","♟","")))))))))))) -> ♟ | E7: =IF(UPPER(livegame!L11)="K1","♔", IF(UPPER(livegame!L11)="Q1","♕", IF(UPPER(livegame!L11)="R1","♖", IF(UPPER(livegame!L11)="B1","♗", IF(UPPER(livegame!L11)="N1","♘", IF(UPPER(livegame!L11)="P1","♙", IF(UPPER(livegame!L11)="K2","♚", IF(UPPER(livegame!L11)="Q2","♛", IF(UPPER(livegame!L11)="R2","♜", IF(UPPER(livegame!L11)="B2","♝", IF(UPPER(livegame!L11)="N2","♞", IF(UPPER(livegame!L11)="P2","♟","")))))))))))) -> ♟ | F7: =IF(UPPER(livegame!M11)="K1","♔", IF(UPPER(livegame!M11)="Q1","♕", IF(UPPER(livegame!M11)="R1","♖", IF(UPPER(livegame!M11)="B1","♗", IF(UPPER(livegame!M11)="N1","♘", IF(UPPER(livegame!M11)="P1","♙", IF(UPPER(livegame!M11)="K2","♚", IF(UPPER(livegame!M11)="Q2","♛", IF(UPPER(livegame!M11)="R2","♜", IF(UPPER(livegame!M11)="B2","♝", IF(UPPER(livegame!M11)="N2","♞", IF(UPPER(livegame!M11)="P2","♟","")))))))))))) -> ♟ | G7: =IF(UPPER(livegame!N11)="K1","♔", IF(UPPER(livegame!N11)="Q1","♕", IF(UPPER(livegame!N11)="R1","♖", IF(UPPER(livegame!N11)="B1","♗", IF(UPPER(livegame!N11)="N1","♘", IF(UPPER(livegame!N11)="P1","♙", IF(UPPER(livegame!N11)="K2","♚", IF(UPPER(livegame!N11)="Q2","♛", IF(UPPER(livegame!N11)="R2","♜", IF(UPPER(livegame!N11)="B2","♝", IF(UPPER(livegame!N11)="N2","♞", IF(UPPER(livegame!N11)="P2","♟","")))))))))))) -> ♟ | H7: =IF(UPPER(livegame!O11)="K1","♔", IF(UPPER(livegame!O11)="Q1","♕", IF(UPPER(livegame!O11)="R1","♖", IF(UPPER(livegame!O11)="B1","♗", IF(UPPER(livegame!O11)="N1","♘", IF(UPPER(livegame!O11)="P1","♙", IF(UPPER(livegame!O11)="K2","♚", IF(UPPER(livegame!O11)="Q2","♛", IF(UPPER(livegame!O11)="R2","♜", IF(UPPER(livegame!O11)="B2","♝", IF(UPPER(livegame!O11)="N2","♞", IF(UPPER(livegame!O11)="P2","♟","")))))))))))) -> ♟ | I7: =IF(UPPER(livegame!P11)="K1","♔", IF(UPPER(livegame!P11)="Q1","♕", IF(UPPER(livegame!P11)="R1","♖", IF(UPPER(livegame!P11)="B1","♗", IF(UPPER(livegame!P11)="N1","♘", IF(UPPER(livegame!P11)="P1","♙", IF(UPPER(livegame!P11)="K2","♚", IF(UPPER(livegame!P11)="Q2","♛", IF(UPPER(livegame!P11)="R2","♜", IF(UPPER(livegame!P11)="B2","♝", IF(UPPER(livegame!P11)="N2","♞", IF(UPPER(livegame!P11)="P2","♟","")))))))))))) -> ♟
B8: =IF(UPPER(livegame!I12)="K1","♔", IF(UPPER(livegame!I12)="Q1","♕", IF(UPPER(livegame!I12)="R1","♖", IF(UPPER(livegame!I12)="B1","♗", IF(UPPER(livegame!I12)="N1","♘", IF(UPPER(livegame!I12)="P1","♙", IF(UPPER(livegame!I12)="K2","♚", IF(UPPER(livegame!I12)="Q2","♛", IF(UPPER(livegame!I12)="R2","♜", IF(UPPER(livegame!I12)="B2","♝", IF(UPPER(livegame!I12)="N2","♞", IF(UPPER(livegame!I12)="P2","♟","")))))))))))) -> ♜ | C8: =IF(UPPER(livegame!J12)="K1","♔", IF(UPPER(livegame!J12)="Q1","♕", IF(UPPER(livegame!J12)="R1","♖", IF(UPPER(livegame!J12)="B1","♗", IF(UPPER(livegame!J12)="N1","♘", IF(UPPER(livegame!J12)="P1","♙", IF(UPPER(livegame!J12)="K2","♚", IF(UPPER(livegame!J12)="Q2","♛", IF(UPPER(livegame!J12)="R2","♜", IF(UPPER(livegame!J12)="B2","♝", IF(UPPER(livegame!J12)="N2","♞", IF(UPPER(livegame!J12)="P2","♟","")))))))))))) -> ♞ | D8: =IF(UPPER(livegame!K12)="K1","♔", IF(UPPER(livegame!K12)="Q1","♕", IF(UPPER(livegame!K12)="R1","♖", IF(UPPER(livegame!K12)="B1","♗", IF(UPPER(livegame!K12)="N1","♘", IF(UPPER(livegame!K12)="P1","♙", IF(UPPER(livegame!K12)="K2","♚", IF(UPPER(livegame!K12)="Q2","♛", IF(UPPER(livegame!K12)="R2","♜", IF(UPPER(livegame!K12)="B2","♝", IF(UPPER(livegame!K12)="N2","♞", IF(UPPER(livegame!K12)="P2","♟","")))))))))))) -> ♝ | E8: =IF(UPPER(livegame!L12)="K1","♔", IF(UPPER(livegame!L12)="Q1","♕", IF(UPPER(livegame!L12)="R1","♖", IF(UPPER(livegame!L12)="B1","♗", IF(UPPER(livegame!L12)="N1","♘", IF(UPPER(livegame!L12)="P1","♙", IF(UPPER(livegame!L12)="K2","♚", IF(UPPER(livegame!L12)="Q2","♛", IF(UPPER(livegame!L12)="R2","♜", IF(UPPER(livegame!L12)="B2","♝", IF(UPPER(livegame!L12)="N2","♞", IF(UPPER(livegame!L12)="P2","♟","")))))))))))) -> ♚ | F8: =IF(UPPER(livegame!M12)="K1","♔", IF(UPPER(livegame!M12)="Q1","♕", IF(UPPER(livegame!M12)="R1","♖", IF(UPPER(livegame!M12)="B1","♗", IF(UPPER(livegame!M12)="N1","♘", IF(UPPER(livegame!M12)="P1","♙", IF(UPPER(livegame!M12)="K2","♚", IF(UPPER(livegame!M12)="Q2","♛", IF(UPPER(livegame!M12)="R2","♜", IF(UPPER(livegame!M12)="B2","♝", IF(UPPER(livegame!M12)="N2","♞", IF(UPPER(livegame!M12)="P2","♟","")))))))))))) -> ♛ | G8: =IF(UPPER(livegame!N12)="K1","♔", IF(UPPER(livegame!N12)="Q1","♕", IF(UPPER(livegame!N12)="R1","♖", IF(UPPER(livegame!N12)="B1","♗", IF(UPPER(livegame!N12)="N1","♘", IF(UPPER(livegame!N12)="P1","♙", IF(UPPER(livegame!N12)="K2","♚", IF(UPPER(livegame!N12)="Q2","♛", IF(UPPER(livegame!N12)="R2","♜", IF(UPPER(livegame!N12)="B2","♝", IF(UPPER(livegame!N12)="N2","♞", IF(UPPER(livegame!N12)="P2","♟","")))))))))))) -> ♝ | H8: =IF(UPPER(livegame!O12)="K1","♔", IF(UPPER(livegame!O12)="Q1","♕", IF(UPPER(livegame!O12)="R1","♖", IF(UPPER(livegame!O12)="B1","♗", IF(UPPER(livegame!O12)="N1","♘", IF(UPPER(livegame!O12)="P1","♙", IF(UPPER(livegame!O12)="K2","♚", IF(UPPER(livegame!O12)="Q2","♛", IF(UPPER(livegame!O12)="R2","♜", IF(UPPER(livegame!O12)="B2","♝", IF(UPPER(livegame!O12)="N2","♞", IF(UPPER(livegame!O12)="P2","♟","")))))))))))) -> ♞ | I8: =IF(UPPER(livegame!P12)="K1","♔", IF(UPPER(livegame!P12)="Q1","♕", IF(UPPER(livegame!P12)="R1","♖", IF(UPPER(livegame!P12)="B1","♗", IF(UPPER(livegame!P12)="N1","♘", IF(UPPER(livegame!P12)="P1","♙", IF(UPPER(livegame!P12)="K2","♚", IF(UPPER(livegame!P12)="Q2","♛", IF(UPPER(livegame!P12)="R2","♜", IF(UPPER(livegame!P12)="B2","♝", IF(UPPER(livegame!P12)="N2","♞", IF(UPPER(livegame!P12)="P2","♟","")))))))))))) -> ♜

Sheet Coach
B1: CHESS COACH
B2: Best-move suggestions, recalculated from the live board.
B4: =IF(Engine!$L$1=1,"♔ WHITE TO MOVE","♚ BLACK TO MOVE")
B5: =IF(livegame!S17<>"",livegame!S17,IF(AND(livegame!X23<>"",livegame!X23<>0),livegame!X23,"Game in progress"))
B7: BEST MOVE
B8: =IF(Engine!$C$21="","No move available",Engine!$F$21&" "&Engine!$C$21&" to "&Engine!$D$21) | E8: =IF(Engine!$C$21="","",IF(Engine!$H$21="Checkmate","M1",IF(Engine!$H$21="Stalemate","draw",TEXT(Engine!$G$21,"+0.00;-0.00;0.00")))) | F8: =IF(Engine!$C$21="","",Engine!$I$21)
B10: # | C10: Move | D10: Piece | E10: Eval | F10: Type | G10: Why this move
B11: 1 | C11: =IF(Engine!$C$21="","",Engine!$C$21&" to "&Engine!$D$21) | D11: =IF(Engine!$C$21="","",Engine!$F$21&" "&Engine!$E$21) | E11: =IF(Engine!$C$21="","",IF(Engine!$H$21="Checkmate","M1",IF(Engine!$H$21="Stalemate","draw",TEXT(Engine!$G$21,"+0.00;-0.00;0.00")))) | F11: =IF(Engine!$C$21="","",Engine!$H$21) | G11: =IF(Engine!$C$21="","",Engine!$I$21)
B12: 2 | C12: =IF(Engine!$C$22="","",Engine!$C$22&" to "&Engine!$D$22) | D12: =IF(Engine!$C$22="","",Engine!$F$22&" "&Engine!$E$22) | E12: =IF(Engine!$C$22="","",IF(Engine!$H$22="Checkmate","M1",IF(Engine!$H$22="Stalemate","draw",TEXT(Engine!$G$22,"+0.00;-0.00;0.00")))) | F12: =IF(Engine!$C$22="","",Engine!$H$22) | G12: =IF(Engine!$C$22="","",Engine!$I$22)
B13: 3 | C13: =IF(Engine!$C$23="","",Engine!$C$23&" to "&Engine!$D$23) | D13: =IF(Engine!$C$23="","",Engine!$F$23&" "&Engine!$E$23) | E13: =IF(Engine!$C$23="","",IF(Engine!$H$23="Checkmate","M1",IF(Engine!$H$23="Stalemate","draw",TEXT(Engine!$G$23,"+0.00;-0.00;0.00")))) | F13: =IF(Engine!$C$23="","",Engine!$H$23) | G13: =IF(Engine!$C$23="","",Engine!$I$23)
B14: 4 | C14: =IF(Engine!$C$24="","",Engine!$C$24&" to "&Engine!$D$24) | D14: =IF(Engine!$C$24="","",Engine!$F$24&" "&Engine!$E$24) | E14: =IF(Engine!$C$24="","",IF(Engine!$H$24="Checkmate","M1",IF(Engine!$H$24="Stalemate","draw",TEXT(Engine!$G$24,"+0.00;-0.00;0.00")))) | F14: =IF(Engine!$C$24="","",Engine!$H$24) | G14: =IF(Engine!$C$24="","",Engine!$I$24)
B15: 5 | C15: =IF(Engine!$C$25="","",Engine!$C$25&" to "&Engine!$D$25) | D15: =IF(Engine!$C$25="","",Engine!$F$25&" "&Engine!$E$25) | E15: =IF(Engine!$C$25="","",IF(Engine!$H$25="Checkmate","M1",IF(Engine!$H$25="Stalemate","draw",TEXT(Engine!$G$25,"+0.00;-0.00;0.00")))) | F15: =IF(Engine!$C$25="","",Engine!$H$25) | G15: =IF(Engine!$C$25="","",Engine!$I$25)
B16: 6 | C16: =IF(Engine!$C$26="","",Engine!$C$26&" to "&Engine!$D$26) | D16: =IF(Engine!$C$26="","",Engine!$F$26&" "&Engine!$E$26) | E16: =IF(Engine!$C$26="","",IF(Engine!$H$26="Checkmate","M1",IF(Engine!$H$26="Stalemate","draw",TEXT(Engine!$G$26,"+0.00;-0.00;0.00")))) | F16: =IF(Engine!$C$26="","",Engine!$H$26) | G16: =IF(Engine!$C$26="","",Engine!$I$26)
B18: Engine | C18: ON | D18: set to OFF if the board feels slow
B19: Candidates | C19: 8 | D19: moves taken to the 2-ply stage
B20: Engine plays | C20: OFF | D20: engine answers your moves automatically
B21: Eval is in pawns for the side to move: +1.00 means that side is a pawn up, M1 is mate in one. Stage 1 scores every legal move on material, piece placement and whether the landing square is defended; stage 2 answers the best few with the opponent's whole legal reply list and keeps the worst outcome. Engine plays makes it answer your moves by itself, driving the same squares you would click, so captures, promotion and the turn indicator all behave normally; set it to OFF for two-player. Autoplay uses the stage 1 score and takes a few seconds a move. Castling and en passant are not generated, and forks that pay off two moves later are past the horizon.

Sheet piecetype
A1: =IF(RIGHT(livegame!I5)="0","",RIGHT(livegame!I5)) -> 1 | B1: =IF(RIGHT(livegame!J5)="0","",RIGHT(livegame!J5)) -> 1 | C1: =IF(RIGHT(livegame!K5)="0","",RIGHT(livegame!K5)) -> 1 | D1: =IF(RIGHT(livegame!L5)="0","",RIGHT(livegame!L5)) -> 1 | E1: =IF(RIGHT(livegame!M5)="0","",RIGHT(livegame!M5)) -> 1 | F1: =IF(RIGHT(livegame!N5)="0","",RIGHT(livegame!N5)) -> 1 | G1: =IF(RIGHT(livegame!O5)="0","",RIGHT(livegame!O5)) -> 1 | H1: =IF(RIGHT(livegame!P5)="0","",RIGHT(livegame!P5)) -> 1
A2: =IF(RIGHT(livegame!I6)="0","",RIGHT(livegame!I6)) -> 1 | B2: =IF(RIGHT(livegame!J6)="0","",RIGHT(livegame!J6)) -> 1 | C2: =IF(RIGHT(livegame!K6)="0","",RIGHT(livegame!K6)) -> 1 | D2: =IF(RIGHT(livegame!L6)="0","",RIGHT(livegame!L6)) -> 1 | E2: =IF(RIGHT(livegame!M6)="0","",RIGHT(livegame!M6)) -> 1 | F2: =IF(RIGHT(livegame!N6)="0","",RIGHT(livegame!N6)) -> 1 | G2: =IF(RIGHT(livegame!O6)="0","",RIGHT(livegame!O6)) -> 1 | H2: =IF(RIGHT(livegame!P6)="0","",RIGHT(livegame!P6)) -> 1
A3: =IF(RIGHT(livegame!I7)="0","",RIGHT(livegame!I7)) | B3: =IF(RIGHT(livegame!J7)="0","",RIGHT(livegame!J7)) | C3: =IF(RIGHT(livegame!K7)="0","",RIGHT(livegame!K7)) | D3: =IF(RIGHT(livegame!L7)="0","",RIGHT(livegame!L7)) | E3: =IF(RIGHT(livegame!M7)="0","",RIGHT(livegame!M7)) | F3: =IF(RIGHT(livegame!N7)="0","",RIGHT(livegame!N7)) | G3: =IF(RIGHT(livegame!O7)="0","",RIGHT(livegame!O7)) | H3: =IF(RIGHT(livegame!P7)="0","",RIGHT(livegame!P7))
A4: =IF(RIGHT(livegame!I8)="0","",RIGHT(livegame!I8)) | B4: =IF(RIGHT(livegame!J8)="0","",RIGHT(livegame!J8)) | C4: =IF(RIGHT(livegame!K8)="0","",RIGHT(livegame!K8)) | D4: =IF(RIGHT(livegame!L8)="0","",RIGHT(livegame!L8)) | E4: =IF(RIGHT(livegame!M8)="0","",RIGHT(livegame!M8)) | F4: =IF(RIGHT(livegame!N8)="0","",RIGHT(livegame!N8)) | G4: =IF(RIGHT(livegame!O8)="0","",RIGHT(livegame!O8)) | H4: =IF(RIGHT(livegame!P8)="0","",RIGHT(livegame!P8))
A5: =IF(RIGHT(livegame!I9)="0","",RIGHT(livegame!I9)) | B5: =IF(RIGHT(livegame!J9)="0","",RIGHT(livegame!J9)) | C5: =IF(RIGHT(livegame!K9)="0","",RIGHT(livegame!K9)) | D5: =IF(RIGHT(livegame!L9)="0","",RIGHT(livegame!L9)) | E5: =IF(RIGHT(livegame!M9)="0","",RIGHT(livegame!M9)) | F5: =IF(RIGHT(livegame!N9)="0","",RIGHT(livegame!N9)) | G5: =IF(RIGHT(livegame!O9)="0","",RIGHT(livegame!O9)) | H5: =IF(RIGHT(livegame!P9)="0","",RIGHT(livegame!P9))
A6: =IF(RIGHT(livegame!I10)="0","",RIGHT(livegame!I10)) | B6: =IF(RIGHT(livegame!J10)="0","",RIGHT(livegame!J10)) | C6: =IF(RIGHT(livegame!K10)="0","",RIGHT(livegame!K10)) | D6: =IF(RIGHT(livegame!L10)="0","",RIGHT(livegame!L10)) | E6: =IF(RIGHT(livegame!M10)="0","",RIGHT(livegame!M10)) | F6: =IF(RIGHT(livegame!N10)="0","",RIGHT(livegame!N10)) | G6: =IF(RIGHT(livegame!O10)="0","",RIGHT(livegame!O10)) | H6: =IF(RIGHT(livegame!P10)="0","",RIGHT(livegame!P10))
A7: =IF(RIGHT(livegame!I11)="0","",RIGHT(livegame!I11)) -> 2 | B7: =IF(RIGHT(livegame!J11)="0","",RIGHT(livegame!J11)) -> 2 | C7: =IF(RIGHT(livegame!K11)="0","",RIGHT(livegame!K11)) -> 2 | D7: =IF(RIGHT(livegame!L11)="0","",RIGHT(livegame!L11)) -> 2 | E7: =IF(RIGHT(livegame!M11)="0","",RIGHT(livegame!M11)) -> 2 | F7: =IF(RIGHT(livegame!N11)="0","",RIGHT(livegame!N11)) -> 2 | G7: =IF(RIGHT(livegame!O11)="0","",RIGHT(livegame!O11)) -> 2 | H7: =IF(RIGHT(livegame!P11)="0","",RIGHT(livegame!P11)) -> 2
A8: =IF(RIGHT(livegame!I12)="0","",RIGHT(livegame!I12)) -> 2 | B8: =IF(RIGHT(livegame!J12)="0","",RIGHT(livegame!J12)) -> 2 | C8: =IF(RIGHT(livegame!K12)="0","",RIGHT(livegame!K12)) -> 2 | D8: =IF(RIGHT(livegame!L12)="0","",RIGHT(livegame!L12)) -> 2 | E8: =IF(RIGHT(livegame!M12)="0","",RIGHT(livegame!M12)) -> 2 | F8: =IF(RIGHT(livegame!N12)="0","",RIGHT(livegame!N12)) -> 2 | G8: =IF(RIGHT(livegame!O12)="0","",RIGHT(livegame!O12)) -> 2 | H8: =IF(RIGHT(livegame!P12)="0","",RIGHT(livegame!P12)) -> 2

Sheet input handling
A1: TRUE | B1: FALSE | C1: TRUE | D1: TRUE | E1: FALSE | F1: TRUE | G1: TRUE | H1: FALSE
A2: TRUE | B2: FALSE | C2: FALSE | D2: TRUE | E2: FALSE | F2: FALSE | G2: FALSE | H2: TRUE
A3: TRUE | B3: FALSE | C3: TRUE | D3: FALSE | E3: TRUE | F3: TRUE | G3: FALSE | H3: TRUE
A4: TRUE | B4: FALSE | C4: FALSE | D4: TRUE | E4: FALSE | F4: TRUE | G4: TRUE | H4: TRUE
A5: TRUE | B5: FALSE | C5: FALSE | D5: TRUE | E5: FALSE | F5: FALSE | G5: FALSE | H5: TRUE
A6: TRUE | B6: TRUE | C6: FALSE | D6: FALSE | E6: FALSE | F6: TRUE | G6: FALSE | H6: TRUE
A7: TRUE | B7: FALSE | C7: FALSE | D7: FALSE | E7: FALSE | F7: TRUE | G7: TRUE | H7: TRUE
A8: FALSE | B8: TRUE | C8: TRUE | D8: FALSE | E8: TRUE | F8: TRUE | G8: TRUE | H8: FALSE
I9: =COUNTIF(S19:Z26,TRUE)=1 -> FALSE | R9: =COUNTIF(S19:Z26,TRUE) -> 0
J10: =IF($I$9,A1,J10) -> TRUE | K10: =IF($I$9,B1,K10) -> FALSE | L10: =IF($I$9,C1,L10) -> TRUE | M10: =IF($I$9,D1,M10) -> TRUE | N10: =IF($I$9,E1,N10) -> FALSE | O10: =IF($I$9,F1,O10) -> TRUE | P10: =IF($I$9,G1,P10) -> TRUE | Q10: =IF($I$9,H1,Q10) -> FALSE
J11: =IF($I$9,A2,J11) -> TRUE | K11: =IF($I$9,B2,K11) -> FALSE | L11: =IF($I$9,C2,L11) -> FALSE | M11: =IF($I$9,D2,M11) -> TRUE | N11: =IF($I$9,E2,N11) -> FALSE | O11: =IF($I$9,F2,O11) -> FALSE | P11: =IF($I$9,G2,P11) -> FALSE | Q11: =IF($I$9,H2,Q11) -> TRUE
J12: =IF($I$9,A3,J12) -> TRUE | K12: =IF($I$9,B3,K12) -> FALSE | L12: =IF($I$9,C3,L12) -> TRUE | M12: =IF($I$9,D3,M12) -> FALSE | N12: =IF($I$9,E3,N12) -> TRUE | O12: =IF($I$9,F3,O12) -> TRUE | P12: =IF($I$9,G3,P12) -> FALSE | Q12: =IF($I$9,H3,Q12) -> TRUE
J13: =IF($I$9,A4,J13) -> TRUE | K13: =IF($I$9,B4,K13) -> FALSE | L13: =IF($I$9,C4,L13) -> FALSE | M13: =IF($I$9,D4,M13) -> TRUE | N13: =IF($I$9,E4,N13) -> FALSE | O13: =IF($I$9,F4,O13) -> TRUE | P13: =IF($I$9,G4,P13) -> TRUE | Q13: =IF($I$9,H4,Q13) -> TRUE
J14: =IF($I$9,A5,J14) -> TRUE | K14: =IF($I$9,B5,K14) -> FALSE | L14: =IF($I$9,C5,L14) -> FALSE | M14: =IF($I$9,D5,M14) -> TRUE | N14: =IF($I$9,E5,N14) -> FALSE | O14: =IF($I$9,F5,O14) -> FALSE | P14: =IF($I$9,G5,P14) -> FALSE | Q14: =IF($I$9,H5,Q14) -> TRUE
J15: =IF($I$9,A6,J15) -> TRUE | K15: =IF($I$9,B6,K15) -> TRUE | L15: =IF($I$9,C6,L15) -> FALSE | M15: =IF($I$9,D6,M15) -> FALSE | N15: =IF($I$9,E6,N15) -> FALSE | O15: =IF($I$9,F6,O15) -> TRUE | P15: =IF($I$9,G6,P15) -> FALSE | Q15: =IF($I$9,H6,Q15) -> TRUE
J16: =IF($I$9,A7,J16) -> TRUE | K16: =IF($I$9,B7,K16) -> FALSE | L16: =IF($I$9,C7,L16) -> FALSE | M16: =IF($I$9,D7,M16) -> FALSE | N16: =IF($I$9,E7,N16) -> FALSE | O16: =IF($I$9,F7,O16) -> TRUE | P16: =IF($I$9,G7,P16) -> TRUE | Q16: =IF($I$9,H7,Q16) -> TRUE
J17: =IF($I$9,A8,J17) -> FALSE | K17: =IF($I$9,B8,K17) -> TRUE | L17: =IF($I$9,C8,L17) -> TRUE | M17: =IF($I$9,D8,M17) -> FALSE | N17: =IF($I$9,E8,N17) -> TRUE | O17: =IF($I$9,F8,O17) -> TRUE | P17: =IF($I$9,G8,P17) -> TRUE | Q17: =IF($I$9,H8,Q17) -> FALSE
S19: =_xlfn.XOR(A1,J10) -> FALSE | T19: =_xlfn.XOR(B1,K10) -> FALSE | U19: =_xlfn.XOR(C1,L10) -> FALSE | V19: =_xlfn.XOR(D1,M10) -> FALSE | W19: =_xlfn.XOR(E1,N10) -> FALSE | X19: =_xlfn.XOR(F1,O10) -> FALSE | Y19: =_xlfn.XOR(G1,P10) -> FALSE | Z19: =_xlfn.XOR(H1,Q10) -> FALSE
S20: =_xlfn.XOR(A2,J11) -> FALSE | T20: =_xlfn.XOR(B2,K11) -> FALSE | U20: =_xlfn.XOR(C2,L11) -> FALSE | V20: =_xlfn.XOR(D2,M11) -> FALSE | W20: =_xlfn.XOR(E2,N11) -> FALSE | X20: =_xlfn.XOR(F2,O11) -> FALSE | Y20: =_xlfn.XOR(G2,P11) -> FALSE | Z20: =_xlfn.XOR(H2,Q11) -> FALSE
S21: =_xlfn.XOR(A3,J12) -> FALSE | T21: =_xlfn.XOR(B3,K12) -> FALSE | U21: =_xlfn.XOR(C3,L12) -> FALSE | V21: =_xlfn.XOR(D3,M12) -> FALSE | W21: =_xlfn.XOR(E3,N12) -> FALSE | X21: =_xlfn.XOR(F3,O12) -> FALSE | Y21: =_xlfn.XOR(G3,P12) -> FALSE | Z21: =_xlfn.XOR(H3,Q12) -> FALSE
S22: =_xlfn.XOR(A4,J13) -> FALSE | T22: =_xlfn.XOR(B4,K13) -> FALSE | U22: =_xlfn.XOR(C4,L13) -> FALSE | V22: =_xlfn.XOR(D4,M13) -> FALSE | W22: =_xlfn.XOR(E4,N13) -> FALSE | X22: =_xlfn.XOR(F4,O13) -> FALSE | Y22: =_xlfn.XOR(G4,P13) -> FALSE | Z22: =_xlfn.XOR(H4,Q13) -> FALSE
S23: =_xlfn.XOR(A5,J14) -> FALSE | T23: =_xlfn.XOR(B5,K14) -> FALSE | U23: =_xlfn.XOR(C5,L14) -> FALSE | V23: =_xlfn.XOR(D5,M14) -> FALSE | W23: =_xlfn.XOR(E5,N14) -> FALSE | X23: =_xlfn.XOR(F5,O14) -> FALSE | Y23: =_xlfn.XOR(G5,P14) -> FALSE | Z23: =_xlfn.XOR(H5,Q14) -> FALSE
S24: =_xlfn.XOR(A6,J15) -> FALSE | T24: =_xlfn.XOR(B6,K15) -> FALSE | U24: =_xlfn.XOR(C6,L15) -> FALSE | V24: =_xlfn.XOR(D6,M15) -> FALSE | W24: =_xlfn.XOR(E6,N15) -> FALSE | X24: =_xlfn.XOR(F6,O15) -> FALSE | Y24: =_xlfn.XOR(G6,P15) -> FALSE | Z24: =_xlfn.XOR(H6,Q15) -> FALSE
S25: =_xlfn.XOR(A7,J16) -> FALSE | T25: =_xlfn.XOR(B7,K16) -> FALSE | U25: =_xlfn.XOR(C7,L16) -> FALSE | V25: =_xlfn.XOR(D7,M16) -> FALSE | W25: =_xlfn.XOR(E7,N16) -> FALSE | X25: =_xlfn.XOR(F7,O16) -> FALSE | Y25: =_xlfn.XOR(G7,P16) -> FALSE | Z25: =_xlfn.XOR(H7,Q16) -> FALSE
S26: =_xlfn.XOR(A8,J17) -> FALSE | T26: =_xlfn.XOR(B8,K17) -> FALSE | U26: =_xlfn.XOR(C8,L17) -> FALSE | V26: =_xlfn.XOR(D8,M17) -> FALSE | W26: =_xlfn.XOR(E8,N17) -> FALSE | X26: =_xlfn.XOR(F8,O17) -> FALSE | Y26: =_xlfn.XOR(G8,P17) -> FALSE | Z26: =_xlfn.XOR(H8,Q17) -> FALSE
AJ27: =COUNTIF(AK37:AR44,TRUE) -> 0
AB28: =IF($I$9,AB28,A1) -> TRUE | AC28: =IF($I$9,AC28,B1) -> FALSE | AD28: =IF($I$9,AD28,C1) -> TRUE | AE28: =IF($I$9,AE28,D1) -> TRUE | AF28: =IF($I$9,AF28,E1) -> FALSE | AG28: =IF($I$9,AG28,F1) -> TRUE | AH28: =IF($I$9,AH28,G1) -> TRUE | AI28: =IF($I$9,AI28,H1) -> FALSE
AB29: =IF($I$9,AB29,A2) -> TRUE | AC29: =IF($I$9,AC29,B2) -> FALSE | AD29: =IF($I$9,AD29,C2) -> FALSE | AE29: =IF($I$9,AE29,D2) -> TRUE | AF29: =IF($I$9,AF29,E2) -> FALSE | AG29: =IF($I$9,AG29,F2) -> FALSE | AH29: =IF($I$9,AH29,G2) -> FALSE | AI29: =IF($I$9,AI29,H2) -> TRUE
AB30: =IF($I$9,AB30,A3) -> TRUE | AC30: =IF($I$9,AC30,B3) -> FALSE | AD30: =IF($I$9,AD30,C3) -> TRUE | AE30: =IF($I$9,AE30,D3) -> FALSE | AF30: =IF($I$9,AF30,E3) -> TRUE | AG30: =IF($I$9,AG30,F3) -> TRUE | AH30: =IF($I$9,AH30,G3) -> FALSE | AI30: =IF($I$9,AI30,H3) -> TRUE
AB31: =IF($I$9,AB31,A4) -> TRUE | AC31: =IF($I$9,AC31,B4) -> FALSE | AD31: =IF($I$9,AD31,C4) -> FALSE | AE31: =IF($I$9,AE31,D4) -> TRUE | AF31: =IF($I$9,AF31,E4) -> FALSE | AG31: =IF($I$9,AG31,F4) -> TRUE | AH31: =IF($I$9,AH31,G4) -> TRUE | AI31: =IF($I$9,AI31,H4) -> TRUE
AB32: =IF($I$9,AB32,A5) -> TRUE | AC32: =IF($I$9,AC32,B5) -> FALSE | AD32: =IF($I$9,AD32,C5) -> FALSE | AE32: =IF($I$9,AE32,D5) -> TRUE | AF32: =IF($I$9,AF32,E5) -> FALSE | AG32: =IF($I$9,AG32,F5) -> FALSE | AH32: =IF($I$9,AH32,G5) -> FALSE | AI32: =IF($I$9,AI32,H5) -> TRUE
AB33: =IF($I$9,AB33,A6) -> TRUE | AC33: =IF($I$9,AC33,B6) -> TRUE | AD33: =IF($I$9,AD33,C6) -> FALSE | AE33: =IF($I$9,AE33,D6) -> FALSE | AF33: =IF($I$9,AF33,E6) -> FALSE | AG33: =IF($I$9,AG33,F6) -> TRUE | AH33: =IF($I$9,AH33,G6) -> FALSE | AI33: =IF($I$9,AI33,H6) -> TRUE
AB34: =IF($I$9,AB34,A7) -> TRUE | AC34: =IF($I$9,AC34,B7) -> FALSE | AD34: =IF($I$9,AD34,C7) -> FALSE | AE34: =IF($I$9,AE34,D7) -> FALSE | AF34: =IF($I$9,AF34,E7) -> FALSE | AG34: =IF($I$9,AG34,F7) -> TRUE | AH34: =IF($I$9,AH34,G7) -> TRUE | AI34: =IF($I$9,AI34,H7) -> TRUE
AB35: =IF($I$9,AB35,A8) -> FALSE | AC35: =IF($I$9,AC35,B8) -> TRUE | AD35: =IF($I$9,AD35,C8) -> TRUE | AE35: =IF($I$9,AE35,D8) -> FALSE | AF35: =IF($I$9,AF35,E8) -> TRUE | AG35: =IF($I$9,AG35,F8) -> TRUE | AH35: =IF($I$9,AH35,G8) -> TRUE | AI35: =IF($I$9,AI35,H8) -> FALSE
AK37: =_xlfn.XOR(A1,AB28) -> FALSE | AL37: =_xlfn.XOR(B1,AC28) -> FALSE | AM37: =_xlfn.XOR(C1,AD28) -> FALSE | AN37: =_xlfn.XOR(D1,AE28) -> FALSE | AO37: =_xlfn.XOR(E1,AF28) -> FALSE | AP37: =_xlfn.XOR(F1,AG28) -> FALSE | AQ37: =_xlfn.XOR(G1,AH28) -> FALSE | AR37: =_xlfn.XOR(H1,AI28) -> FALSE
AK38: =_xlfn.XOR(A2,AB29) -> FALSE | AL38: =_xlfn.XOR(B2,AC29) -> FALSE | AM38: =_xlfn.XOR(C2,AD29) -> FALSE | AN38: =_xlfn.XOR(D2,AE29) -> FALSE | AO38: =_xlfn.XOR(E2,AF29) -> FALSE | AP38: =_xlfn.XOR(F2,AG29) -> FALSE | AQ38: =_xlfn.XOR(G2,AH29) -> FALSE | AR38: =_xlfn.XOR(H2,AI29) -> FALSE
AK39: =_xlfn.XOR(A3,AB30) -> FALSE | AL39: =_xlfn.XOR(B3,AC30) -> FALSE | AM39: =_xlfn.XOR(C3,AD30) -> FALSE | AN39: =_xlfn.XOR(D3,AE30) -> FALSE | AO39: =_xlfn.XOR(E3,AF30) -> FALSE | AP39: =_xlfn.XOR(F3,AG30) -> FALSE | AQ39: =_xlfn.XOR(G3,AH30) -> FALSE | AR39: =_xlfn.XOR(H3,AI30) -> FALSE
AK40: =_xlfn.XOR(A4,AB31) -> FALSE | AL40: =_xlfn.XOR(B4,AC31) -> FALSE | AM40: =_xlfn.XOR(C4,AD31) -> FALSE | AN40: =_xlfn.XOR(D4,AE31) -> FALSE | AO40: =_xlfn.XOR(E4,AF31) -> FALSE | AP40: =_xlfn.XOR(F4,AG31) -> FALSE | AQ40: =_xlfn.XOR(G4,AH31) -> FALSE | AR40: =_xlfn.XOR(H4,AI31) -> FALSE
AK41: =_xlfn.XOR(A5,AB32) -> FALSE | AL41: =_xlfn.XOR(B5,AC32) -> FALSE | AM41: =_xlfn.XOR(C5,AD32) -> FALSE | AN41: =_xlfn.XOR(D5,AE32) -> FALSE | AO41: =_xlfn.XOR(E5,AF32) -> FALSE | AP41: =_xlfn.XOR(F5,AG32) -> FALSE | AQ41: =_xlfn.XOR(G5,AH32) -> FALSE | AR41: =_xlfn.XOR(H5,AI32) -> FALSE
AK42: =_xlfn.XOR(A6,AB33) -> FALSE | AL42: =_xlfn.XOR(B6,AC33) -> FALSE | AM42: =_xlfn.XOR(C6,AD33) -> FALSE | AN42: =_xlfn.XOR(D6,AE33) -> FALSE | AO42: =_xlfn.XOR(E6,AF33) -> FALSE | AP42: =_xlfn.XOR(F6,AG33) -> FALSE | AQ42: =_xlfn.XOR(G6,AH33) -> FALSE | AR42: =_xlfn.XOR(H6,AI33) -> FALSE
AK43: =_xlfn.XOR(A7,AB34) -> FALSE | AL43: =_xlfn.XOR(B7,AC34) -> FALSE | AM43: =_xlfn.XOR(C7,AD34) -> FALSE | AN43: =_xlfn.XOR(D7,AE34) -> FALSE | AO43: =_xlfn.XOR(E7,AF34) -> FALSE | AP43: =_xlfn.XOR(F7,AG34) -> FALSE | AQ43: =_xlfn.XOR(G7,AH34) -> FALSE | AR43: =_xlfn.XOR(H7,AI34) -> FALSE
AK44: =_xlfn.XOR(A8,AB35) -> FALSE | AL44: =_xlfn.XOR(B8,AC35) -> FALSE | AM44: =_xlfn.XOR(C8,AD35) -> FALSE | AN44: =_xlfn.XOR(D8,AE35) -> FALSE | AO44: =_xlfn.XOR(E8,AF35) -> FALSE | AP44: =_xlfn.XOR(F8,AG35) -> FALSE | AQ44: =_xlfn.XOR(G8,AH35) -> FALSE | AR44: =_xlfn.XOR(H8,AI35) -> FALSE
AT45: =_xlfn.XOR(AK37,S19) -> FALSE | AU45: =_xlfn.XOR(AL37,T19) -> FALSE | AV45: =_xlfn.XOR(AM37,U19) -> FALSE | AW45: =_xlfn.XOR(AN37,V19) -> FALSE | AX45: =_xlfn.XOR(AO37,W19) -> FALSE | AY45: =_xlfn.XOR(AP37,X19) -> FALSE | AZ45: =_xlfn.XOR(AQ37,Y19) -> FALSE | BA45: =_xlfn.XOR(AR37,Z19) -> FALSE
AT46: =_xlfn.XOR(AK38,S20) -> FALSE | AU46: =_xlfn.XOR(AL38,T20) -> FALSE | AV46: =_xlfn.XOR(AM38,U20) -> FALSE | AW46: =_xlfn.XOR(AN38,V20) -> FALSE | AX46: =_xlfn.XOR(AO38,W20) -> FALSE | AY46: =_xlfn.XOR(AP38,X20) -> FALSE | AZ46: =_xlfn.XOR(AQ38,Y20) -> FALSE | BA46: =_xlfn.XOR(AR38,Z20) -> FALSE
AT47: =_xlfn.XOR(AK39,S21) -> FALSE | AU47: =_xlfn.XOR(AL39,T21) -> FALSE | AV47: =_xlfn.XOR(AM39,U21) -> FALSE | AW47: =_xlfn.XOR(AN39,V21) -> FALSE | AX47: =_xlfn.XOR(AO39,W21) -> FALSE | AY47: =_xlfn.XOR(AP39,X21) -> FALSE | AZ47: =_xlfn.XOR(AQ39,Y21) -> FALSE | BA47: =_xlfn.XOR(AR39,Z21) -> FALSE
AT48: =_xlfn.XOR(AK40,S22) -> FALSE | AU48: =_xlfn.XOR(AL40,T22) -> FALSE | AV48: =_xlfn.XOR(AM40,U22) -> FALSE | AW48: =_xlfn.XOR(AN40,V22) -> FALSE | AX48: =_xlfn.XOR(AO40,W22) -> FALSE | AY48: =_xlfn.XOR(AP40,X22) -> FALSE | AZ48: =_xlfn.XOR(AQ40,Y22) -> FALSE | BA48: =_xlfn.XOR(AR40,Z22) -> FALSE
AT49: =_xlfn.XOR(AK41,S23) -> FALSE | AU49: =_xlfn.XOR(AL41,T23) -> FALSE | AV49: =_xlfn.XOR(AM41,U23) -> FALSE | AW49: =_xlfn.XOR(AN41,V23) -> FALSE | AX49: =_xlfn.XOR(AO41,W23) -> FALSE | AY49: =_xlfn.XOR(AP41,X23) -> FALSE | AZ49: =_xlfn.XOR(AQ41,Y23) -> FALSE | BA49: =_xlfn.XOR(AR41,Z23) -> FALSE
AT50: =_xlfn.XOR(AK42,S24) -> FALSE | AU50: =_xlfn.XOR(AL42,T24) -> FALSE | AV50: =_xlfn.XOR(AM42,U24) -> FALSE | AW50: =_xlfn.XOR(AN42,V24) -> FALSE | AX50: =_xlfn.XOR(AO42,W24) -> FALSE | AY50: =_xlfn.XOR(AP42,X24) -> FALSE | AZ50: =_xlfn.XOR(AQ42,Y24) -> FALSE | BA50: =_xlfn.XOR(AR42,Z24) -> FALSE
AT51: =_xlfn.XOR(AK43,S25) -> FALSE | AU51: =_xlfn.XOR(AL43,T25) -> FALSE | AV51: =_xlfn.XOR(AM43,U25) -> FALSE | AW51: =_xlfn.XOR(AN43,V25) -> FALSE | AX51: =_xlfn.XOR(AO43,W25) -> FALSE | AY51: =_xlfn.XOR(AP43,X25) -> FALSE | AZ51: =_xlfn.XOR(AQ43,Y25) -> FALSE | BA51: =_xlfn.XOR(AR43,Z25) -> FALSE
AT52: =_xlfn.XOR(AK44,S26) -> FALSE | AU52: =_xlfn.XOR(AL44,T26) -> FALSE | AV52: =_xlfn.XOR(AM44,U26) -> FALSE | AW52: =_xlfn.XOR(AN44,V26) -> FALSE | AX52: =_xlfn.XOR(AO44,W26) -> FALSE | AY52: =_xlfn.XOR(AP44,X26) -> FALSE | AZ52: =_xlfn.XOR(AQ44,Y26) -> FALSE | BA52: =_xlfn.XOR(AR44,Z26) -> FALSE

Sheet inputsimplified
A1: ='input handling'!AT45 -> FALSE | B1: ='input handling'!AU45 -> FALSE | C1: ='input handling'!AV45 -> FALSE | D1: ='input handling'!AW45 -> FALSE | E1: ='input handling'!AX45 -> FALSE | F1: ='input handling'!AY45 -> FALSE | G1: ='input handling'!AZ45 -> FALSE | H1: ='input handling'!BA45 -> FALSE | I1: =livegame!R16 -> 1 | J1: white
A2: ='input handling'!AT46 -> FALSE | B2: ='input handling'!AU46 -> FALSE | C2: ='input handling'!AV46 -> FALSE | D2: ='input handling'!AW46 -> FALSE | E2: ='input handling'!AX46 -> FALSE | F2: ='input handling'!AY46 -> FALSE | G2: ='input handling'!AZ46 -> FALSE | H2: ='input handling'!BA46 -> FALSE | J2: N
A3: ='input handling'!AT47 -> FALSE | B3: ='input handling'!AU47 -> FALSE | C3: ='input handling'!AV47 -> FALSE | D3: ='input handling'!AW47 -> FALSE | E3: ='input handling'!AX47 -> FALSE | F3: ='input handling'!AY47 -> FALSE | G3: ='input handling'!AZ47 -> FALSE | H3: ='input handling'!BA47 -> FALSE | J3: C8
A4: ='input handling'!AT48 -> FALSE | B4: ='input handling'!AU48 -> FALSE | C4: ='input handling'!AV48 -> FALSE | D4: ='input handling'!AW48 -> FALSE | E4: ='input handling'!AX48 -> FALSE | F4: ='input handling'!AY48 -> FALSE | G4: ='input handling'!AZ48 -> FALSE | H4: ='input handling'!BA48 -> FALSE
A5: ='input handling'!AT49 -> FALSE | B5: ='input handling'!AU49 -> FALSE | C5: ='input handling'!AV49 -> FALSE | D5: ='input handling'!AW49 -> FALSE | E5: ='input handling'!AX49 -> FALSE | F5: ='input handling'!AY49 -> FALSE | G5: ='input handling'!AZ49 -> FALSE | H5: ='input handling'!BA49 -> FALSE
A6: ='input handling'!AT50 -> FALSE | B6: ='input handling'!AU50 -> FALSE | C6: ='input handling'!AV50 -> FALSE | D6: ='input handling'!AW50 -> FALSE | E6: ='input handling'!AX50 -> FALSE | F6: ='input handling'!AY50 -> FALSE | G6: ='input handling'!AZ50 -> FALSE | H6: ='input handling'!BA50 -> FALSE
A7: ='input handling'!AT51 -> FALSE | B7: ='input handling'!AU51 -> FALSE | C7: ='input handling'!AV51 -> FALSE | D7: ='input handling'!AW51 -> FALSE | E7: ='input handling'!AX51 -> FALSE | F7: ='input handling'!AY51 -> FALSE | G7: ='input handling'!AZ51 -> FALSE | H7: ='input handling'!BA51 -> FALSE
A8: ='input handling'!AT52 -> FALSE | B8: ='input handling'!AU52 -> FALSE | C8: ='input handling'!AV52 -> FALSE | D8: ='input handling'!AW52 -> FALSE | E8: ='input handling'!AX52 -> FALSE | F8: ='input handling'!AY52 -> FALSE | G8: ='input handling'!AZ52 -> FALSE | H8: ='input handling'!BA52 -> FALSE
I9: SelectedSpot | J9: {=_xlfn.LET(_xlpm.r,A1:H8, _xlpm.a,ADDRESS(_xlfn.SEQUENCE(ROWS(_xlpm.r)),_xlfn.SEQUENCE(,COLUMNS(_xlpm.r)),4), _xlfn.XLOOKUP(TRUE, _xlfn.TOCOL(_xlpm.r), _xlfn.TOCOL(_xlpm.a)))} -> #N/A
J10: SelectedVal | K10: {=INDIRECT("livegame!" & CHAR(CODE("A") + (CODE(UPPER(LEFT(J9,1))) - 65) + COLUMN($I$5) - 1) & (VALUE(MID(J9,2,99)) + ROW($I$5) - 1) )} -> #N/A
K11: isGamePieceYours: | L11: =AND(NOT(ISERR(SEARCH(I1, K10))),NOT(ISNA(SEARCH(I1, K10)))) -> FALSE
L12: playerTarget: | M12: =IF(OR(livegame!C1,NOT(livegame!S17="")),"",IF(L11,J9,M12))
M13: targetType: | N13: {=IFERROR(INDIRECT("livegame!" & CHAR(CODE("A") + (CODE(UPPER(LEFT(M12,1))) - 65) + COLUMN($I$5) - 1) & (VALUE(MID(M12,2,99)) + ROW($I$5) - 1) ),"")}
O14: Bishop
O15: {=_xlfn.LET(_xlpm.files,"ABCDEFGH",_xlpm.bf,FIND(UPPER(LEFT(M12,1)),_xlpm.files),_xlpm.br,--MID(M12,2,99),_xlpm.me,VALUE(RIGHT(N13,1)),_xlpm.board,piecetype!A1:H8,_xlpm.r,_xlfn.SEQUENCE(8,,1,1)+0*_xlfn.SEQUENCE(1,8,1,1),_xlpm.c,_xlfn.SEQUENCE(1,8,1,1)+0*_xlfn.SEQUENCE(8,,1,1),_xlpm.dr,_xlpm.r-_xlpm.br,_xlpm.dc,_xlpm.c-_xlpm.bf,_xlpm.dist,ABS(_xlpm.dr),_xlpm.self,(_xlpm.dr=0)*(_xlpm.dc=0),_xlpm.isDiag,ABS(_xlpm.dr)=ABS(_xlpm.dc),_xlpm.cand,_xlpm.isDiag*NOT(_xlpm.self),_xlpm.dir,IF(_xlpm.cand,IF(_xlpm.dr<0,IF(_xlpm.dc>0,1,2),IF(_xlpm.dc>0,3,4)),0),_xlpm.hasPiece,(_xlpm.board<>"")*NOT(_xlpm.self),_xlpm.block,_xlfn.MAP(_xlpm.dir,_xlfn.LAMBDA(_xlpm.d,IF(_xlpm.d=0,0,MIN(IF((_xlpm.dir=_xlpm.d)*_xlpm.hasPiece,_xlpm.dist,9))))),_xlpm.reachable,_xlpm.cand*IF(_xlpm.block=0,1,_xlpm.dist<=_xlpm.block),_xlpm.dest,IF(_xlpm.board="",0,VALUE(_xlpm.board)),_xlpm.legal,_xlpm.reachable*((_xlpm.dest=0)+((_xlpm.dest<>0)*(_xlpm.dest<>_xlpm.me))),_xlpm.legal=1)} -> #VALUE! | P15: #VALUE! | Q15: #VALUE! | R15: #VALUE! | S15: #VALUE! | T15: #VALUE! | U15: #VALUE! | V15: #VALUE!
M16: =_xlfn.LET(_xlpm.pos,$M$12,"pos="&_xlpm.pos&" row="&(CODE(UPPER(LEFT(_xlpm.pos,1)))-64)&" col="&VALUE(MID(_xlpm.pos,2,2))) -> #VALUE! | O16: #VALUE! | P16: #VALUE! | Q16: #VALUE! | R16: #VALUE! | S16: #VALUE! | T16: #VALUE! | U16: #VALUE! | V16: #VALUE!
O17: #VALUE! | P17: #VALUE! | Q17: #VALUE! | R17: #VALUE! | S17: #VALUE! | T17: #VALUE! | U17: #VALUE! | V17: #VALUE!
O18: #VALUE! | P18: #VALUE! | Q18: #VALUE! | R18: #VALUE! | S18: #VALUE! | T18: #VALUE! | U18: #VALUE! | V18: #VALUE!
O19: #VALUE! | P19: #VALUE! | Q19: #VALUE! | R19: #VALUE! | S19: #VALUE! | T19: #VALUE! | U19: #VALUE! | V19: #VALUE!
O20: #VALUE! | P20: #VALUE! | Q20: #VALUE! | R20: #VALUE! | S20: #VALUE! | T20: #VALUE! | U20: #VALUE! | V20: #VALUE!
O21: #VALUE! | P21: #VALUE! | Q21: #VALUE! | R21: #VALUE! | S21: #VALUE! | T21: #VALUE! | U21: #VALUE! | V21: #VALUE!
O22: #VALUE! | P22: #VALUE! | Q22: #VALUE! | R22: #VALUE! | S22: #VALUE! | T22: #VALUE! | U22: #VALUE! | V22: #VALUE!
O25: Rook
O26: {=_xlfn.LET(_xlpm.files,"ABCDEFGH",_xlpm.bf,FIND(UPPER(LEFT(M12,1)),_xlpm.files),_xlpm.br,--MID(M12,2,99),_xlpm.me,VALUE(RIGHT(N13,1)),_xlpm.board,piecetype!A1:H8,_xlpm.r,_xlfn.SEQUENCE(8,,1,1)+0*_xlfn.SEQUENCE(1,8,1,1),_xlpm.c,_xlfn.SEQUENCE(1,8,1,1)+0*_xlfn.SEQUENCE(8,,1,1),_xlpm.dr,_xlpm.r-_xlpm.br,_xlpm.dc,_xlpm.c-_xlpm.bf,_xlpm.dist,ABS(_xlpm.dr)+ABS(_xlpm.dc),_xlpm.self,(_xlpm.dr=0)*(_xlpm.dc=0),_xlpm.isLine,((_xlpm.dr=0)+(_xlpm.dc=0))*NOT(_xlpm.self),_xlpm.cand,_xlpm.isLine,_xlpm.dir,IF(_xlpm.cand,IF(_xlpm.dr=0,IF(_xlpm.dc>0,1,2),IF(_xlpm.dr>0,3,4)),0),_xlpm.hasPiece,(_xlpm.board<>"")*NOT(_xlpm.self),_xlpm.block,_xlfn.MAP(_xlpm.dir,_xlfn.LAMBDA(_xlpm.d,IF(_xlpm.d=0,0,MIN(IF((_xlpm.dir=_xlpm.d)*_xlpm.hasPiece,_xlpm.dist,9))))),_xlpm.reachable,_xlpm.cand*IF(_xlpm.block=0,1,_xlpm.dist<=_xlpm.block),_xlpm.dest,IF(_xlpm.board="",0,VALUE(_xlpm.board)),_xlpm.legal,_xlpm.reachable*((_xlpm.dest=0)+((_xlpm.dest<>0)*(_xlpm.dest<>_xlpm.me))),_xlpm.legal=1)} -> #VALUE! | P26: #VALUE! | Q26: #VALUE! | R26: #VALUE! | S26: #VALUE! | T26: #VALUE! | U26: #VALUE! | V26: #VALUE!
O27: #VALUE! | P27: #VALUE! | Q27: #VALUE! | R27: #VALUE! | S27: #VALUE! | T27: #VALUE! | U27: #VALUE! | V27: #VALUE!
O28: #VALUE! | P28: #VALUE! | Q28: #VALUE! | R28: #VALUE! | S28: #VALUE! | T28: #VALUE! | U28: #VALUE! | V28: #VALUE!
O29: #VALUE! | P29: #VALUE! | Q29: #VALUE! | R29: #VALUE! | S29: #VALUE! | T29: #VALUE! | U29: #VALUE! | V29: #VALUE!
O30: #VALUE! | P30: #VALUE! | Q30: #VALUE! | R30: #VALUE! | S30: #VALUE! | T30: #VALUE! | U30: #VALUE! | V30: #VALUE!
O31: #VALUE! | P31: #VALUE! | Q31: #VALUE! | R31: #VALUE! | S31: #VALUE! | T31: #VALUE! | U31: #VALUE! | V31: #VALUE!
O32: #VALUE! | P32: #VALUE! | Q32: #VALUE! | R32: #VALUE! | S32: #VALUE! | T32: #VALUE! | U32: #VALUE! | V32: #VALUE!
O33: #VALUE! | P33: #VALUE! | Q33: #VALUE! | R33: #VALUE! | S33: #VALUE! | T33: #VALUE! | U33: #VALUE! | V33: #VALUE!
O36: Queen
O37: {=_xlfn.LET(_xlpm.files,"ABCDEFGH",_xlpm.bf,FIND(UPPER(LEFT(M12,1)),_xlpm.files),_xlpm.br,--MID(M12,2,99),_xlpm.me,VALUE(RIGHT(N13,1)),_xlpm.board,piecetype!A1:H8,_xlpm.r,_xlfn.SEQUENCE(8,,1,1)+0*_xlfn.SEQUENCE(1,8,1,1),_xlpm.c,_xlfn.SEQUENCE(1,8,1,1)+0*_xlfn.SEQUENCE(8,,1,1),_xlpm.dr,_xlpm.r-_xlpm.br,_xlpm.dc,_xlpm.c-_xlpm.bf,_xlpm.dist,ABS(_xlpm.dr)+ABS(_xlpm.dc),_xlpm.self,(_xlpm.dr=0)*(_xlpm.dc=0), _xlpm.isLine,((_xlpm.dr=0)+(_xlpm.dc=0))*NOT(_xlpm.self), _xlpm.dirR,IF(_xlpm.isLine,IF(_xlpm.dr=0,IF(_xlpm.dc>0,1,2),IF(_xlpm.dr>0,3,4)),0), _xlpm.blockR,_xlfn.MAP(_xlpm.dirR,_xlfn.LAMBDA(_xlpm.d,IF(_xlpm.d=0,0,MIN(IF((_xlpm.dirR=_xlpm.d)*(_xlpm.board<>""),ABS(_xlpm.dr)+ABS(_xlpm.dc),9))))), _xlpm.reachR,_xlpm.isLine*IF(_xlpm.blockR=0,1,(ABS(_xlpm.dr)+ABS(_xlpm.dc))<=_xlpm.blockR), _xlpm.isDiag,(ABS(_xlpm.dr)=ABS(_xlpm.dc))*NOT(_xlpm.self), _xlpm.dirB,IF(_xlpm.isDiag,IF(_xlpm.dr<0,IF(_xlpm.dc>0,5,6),IF(_xlpm.dc>0,7,8)),0), _xlpm.blockB,_xlfn.MAP(_xlpm.dirB,_xlfn.LAMBDA(_xlpm.d,IF(_xlpm.d=0,0,MIN(IF((_xlpm.dirB=_xlpm.d)*(_xlpm.board<>""),ABS(_xlpm.dr),9))))), _xlpm.reachB,_xlpm.isDiag*IF(_xlpm.blockB=0,1,ABS(_xlpm.dr)<=_xlpm.blockB), _xlpm.reachable,_xlpm.reachR+_xlpm.reachB, _xlpm.dest,IF(_xlpm.board="",0,VALUE(_xlpm.board)), _xlpm.legal,_xlpm.reachable*((_xlpm.dest=0)+((_xlpm.dest<>0)*(_xlpm.dest<>_xlpm.me))), _xlpm.legal=1)} -> #VALUE! | P37: #VALUE! | Q37: #VALUE! | R37: #VALUE! | S37: #VALUE! | T37: #VALUE! | U37: #VALUE! | V37: #VALUE!
O38: #VALUE! | P38: #VALUE! | Q38: #VALUE! | R38: #VALUE! | S38: #VALUE! | T38: #VALUE! | U38: #VALUE! | V38: #VALUE!
O39: #VALUE! | P39: #VALUE! | Q39: #VALUE! | R39: #VALUE! | S39: #VALUE! | T39: #VALUE! | U39: #VALUE! | V39: #VALUE!
O40: #VALUE! | P40: #VALUE! | Q40: #VALUE! | R40: #VALUE! | S40: #VALUE! | T40: #VALUE! | U40: #VALUE! | V40: #VALUE!
O41: #VALUE! | P41: #VALUE! | Q41: #VALUE! | R41: #VALUE! | S41: #VALUE! | T41: #VALUE! | U41: #VALUE! | V41: #VALUE!
O42: #VALUE! | P42: #VALUE! | Q42: #VALUE! | R42: #VALUE! | S42: #VALUE! | T42: #VALUE! | U42: #VALUE! | V42: #VALUE!
O43: #VALUE! | P43: #VALUE! | Q43: #VALUE! | R43: #VALUE! | S43: #VALUE! | T43: #VALUE! | U43: #VALUE! | V43: #VALUE!
O44: #VALUE! | P44: #VALUE! | Q44: #VALUE! | R44: #VALUE! | S44: #VALUE! | T44: #VALUE! | U44: #VALUE! | V44: #VALUE!
O47: Knight
O48: {=_xlfn.LET(_xlpm.files,"ABCDEFGH",_xlpm.bf,FIND(UPPER(LEFT(M12,1)),_xlpm.files),_xlpm.br,--MID(M12,2,99),_xlpm.me,VALUE(RIGHT(N13,1)),_xlpm.board,piecetype!A1:H8,_xlpm.r,_xlfn.SEQUENCE(8,,1,1)+0*_xlfn.SEQUENCE(1,8,1,1),_xlpm.c,_xlfn.SEQUENCE(1,8,1,1)+0*_xlfn.SEQUENCE(8,,1,1),_xlpm.dr,_xlpm.r-_xlpm.br,_xlpm.dc,_xlpm.c-_xlpm.bf,_xlpm.self,(_xlpm.dr=0)*(_xlpm.dc=0),_xlpm.isN,((ABS(_xlpm.dr)=2)*(ABS(_xlpm.dc)=1))+((ABS(_xlpm.dr)=1)*(ABS(_xlpm.dc)=2)),_xlpm.cand,_xlpm.isN*NOT(_xlpm.self),_xlpm.dest,IF(_xlpm.board="",0,VALUE(_xlpm.board)),_xlpm.legal,_xlpm.cand*((_xlpm.dest=0)+((_xlpm.dest<>0)*(_xlpm.dest<>_xlpm.me))),_xlpm.legal=1)} -> #VALUE! | P48: #VALUE! | Q48: #VALUE! | R48: #VALUE! | S48: #VALUE! | T48: #VALUE! | U48: #VALUE! | V48: #VALUE!
O49: #VALUE! | P49: #VALUE! | Q49: #VALUE! | R49: #VALUE! | S49: #VALUE! | T49: #VALUE! | U49: #VALUE! | V49: #VALUE!
O50: #VALUE! | P50: #VALUE! | Q50: #VALUE! | R50: #VALUE! | S50: #VALUE! | T50: #VALUE! | U50: #VALUE! | V50: #VALUE!
O51: #VALUE! | P51: #VALUE! | Q51: #VALUE! | R51: #VALUE! | S51: #VALUE! | T51: #VALUE! | U51: #VALUE! | V51: #VALUE!
O52: #VALUE! | P52: #VALUE! | Q52: #VALUE! | R52: #VALUE! | S52: #VALUE! | T52: #VALUE! | U52: #VALUE! | V52: #VALUE!
O53: #VALUE! | P53: #VALUE! | Q53: #VALUE! | R53: #VALUE! | S53: #VALUE! | T53: #VALUE! | U53: #VALUE! | V53: #VALUE!
O54: #VALUE! | P54: #VALUE! | Q54: #VALUE! | R54: #VALUE! | S54: #VALUE! | T54: #VALUE! | U54: #VALUE! | V54: #VALUE!
O55: #VALUE! | P55: #VALUE! | Q55: #VALUE! | R55: #VALUE! | S55: #VALUE! | T55: #VALUE! | U55: #VALUE! | V55: #VALUE!
O58: Pawn
O59: {=_xlfn.LET(_xlpm.files,"ABCDEFGH", _xlpm.bf,FIND(UPPER(LEFT(M12,1)),_xlpm.files), _xlpm.br,--MID(M12,2,99), _xlpm.me,VALUE(RIGHT(N13,1)), _xlpm.board,piecetype!A1:H8, _xlpm.fw,IF(_xlpm.me=1,1,-1), _xlpm.start,IF(_xlpm.me=1,2,7), _xlpm.r,_xlfn.SEQUENCE(8,,1,1)+0*_xlfn.SEQUENCE(1,8,1,1), _xlpm.c,_xlfn.SEQUENCE(1,8,1,1)+0*_xlfn.SEQUENCE(8,,1,1), _xlpm.dr,_xlpm.r-_xlpm.br,_xlpm.dc,_xlpm.c-_xlpm.bf, _xlpm.dest,IF(_xlpm.board="",0,VALUE(_xlpm.board)), _xlpm.one,(_xlpm.dr=_xlpm.fw)*(_xlpm.dc=0), _xlpm.two,(_xlpm.br=_xlpm.start)*(_xlpm.dr=2*_xlpm.fw)*(_xlpm.dc=0), _xlpm.cap,(_xlpm.dr=_xlpm.fw)*(ABS(_xlpm.dc)=1), _xlpm.mid,IFERROR(IF(INDEX(_xlpm.board,_xlpm.br+_xlpm.fw,_xlpm.bf)="",0,VALUE(INDEX(_xlpm.board,_xlpm.br+_xlpm.fw,_xlpm.bf))),0), _xlpm.besideRow,INDEX(_xlpm.board,_xlpm.br,0), _xlpm.besideVal,IF(_xlpm.besideRow="",0,VALUE(_xlpm.besideRow)), _xlpm.besideEnemy,(_xlpm.besideVal<>0)*(_xlpm.besideVal<>_xlpm.me), _xlpm.oneOK,_xlpm.one*(_xlpm.dest=0), _xlpm.twoOK,_xlpm.two*(_xlpm.dest=0)*(_xlpm.mid=0), _xlpm.capOK,_xlpm.cap*(_xlpm.dest<>0)*(_xlpm.dest<>_xlpm.me), _xlpm.epOK,_xlpm.cap*(_xlpm.dest=0)*_xlpm.besideEnemy, _xlpm.legal,_xlpm.oneOK+_xlpm.twoOK+_xlpm.capOK+_xlpm.epOK, _xlpm.legal>0)} -> #VALUE! | P59: #VALUE! | Q59: #VALUE! | R59: #VALUE! | S59: #VALUE! | T59: #VALUE! | U59: #VALUE! | V59: #VALUE!
O60: #VALUE! | P60: #VALUE! | Q60: #VALUE! | R60: #VALUE! | S60: #VALUE! | T60: #VALUE! | U60: #VALUE! | V60: #VALUE!
O61: #VALUE! | P61: #VALUE! | Q61: #VALUE! | R61: #VALUE! | S61: #VALUE! | T61: #VALUE! | U61: #VALUE! | V61: #VALUE!
O62: #VALUE! | P62: #VALUE! | Q62: #VALUE! | R62: #VALUE! | S62: #VALUE! | T62: #VALUE! | U62: #VALUE! | V62: #VALUE!
O63: #VALUE! | P63: #VALUE! | Q63: #VALUE! | R63: #VALUE! | S63: #VALUE! | T63: #VALUE! | U63: #VALUE! | V63: #VALUE!
O64: #VALUE! | P64: #VALUE! | Q64: #VALUE! | R64: #VALUE! | S64: #VALUE! | T64: #VALUE! | U64: #VALUE! | V64: #VALUE!
O65: #VALUE! | P65: #VALUE! | Q65: #VALUE! | R65: #VALUE! | S65: #VALUE! | T65: #VALUE! | U65: #VALUE! | V65: #VALUE!
O66: #VALUE! | P66: #VALUE! | Q66: #VALUE! | R66: #VALUE! | S66: #VALUE! | T66: #VALUE! | U66: #VALUE! | V66: #VALUE!
O69: Castle
O70: {=_xlfn.LET( _xlpm.me, IFERROR(VALUE(RIGHT(N13,1)),0), _xlpm.isKing, UPPER(LEFT(N13,1))="K", _xlpm.homeRow, IF(_xlpm.me=1,1,8), _xlpm.onHome, UPPER(M12)="D"&_xlpm.homeRow, _xlpm.notMoved, NOT(IF(_xlpm.me=1,livegame!T19,livegame!T18)), _xlpm.board, piecetype!A1:H8, _xlpm.codes, livegame!I5:P12, _xlpm.r, _xlfn.SEQUENCE(8,,1,1)+0*_xlfn.SEQUENCE(1,8,1,1), _xlpm.c, _xlfn.SEQUENCE(1,8,1,1)+0*_xlfn.SEQUENCE(8,,1,1), _xlpm.rookA, INDEX(_xlpm.codes,_xlpm.homeRow,1)="r"&_xlpm.me, _xlpm.rookH, INDEX(_xlpm.codes,_xlpm.homeRow,8)="r"&_xlpm.me, _xlpm.emptyA, AND(INDEX(_xlpm.board,_xlpm.homeRow,2)="",INDEX(_xlpm.board,_xlpm.homeRow,3)=""), _xlpm.emptyH, AND(INDEX(_xlpm.board,_xlpm.homeRow,5)="",INDEX(_xlpm.board,_xlpm.homeRow,6)="",INDEX(_xlpm.board,_xlpm.homeRow,7)=""), _xlpm.canA, _xlpm.isKing*_xlpm.onHome*_xlpm.notMoved*_xlpm.rookA*_xlpm.emptyA, _xlpm.canH, _xlpm.isKing*_xlpm.onHome*_xlpm.notMoved*_xlpm.rookH*_xlpm.emptyH, _xlpm.castle, _xlpm.canA*(_xlpm.r=_xlpm.homeRow)*(_xlpm.c=2) + _xlpm.canH*(_xlpm.r=_xlpm.homeRow)*(_xlpm.c=6), _xlpm.castle=1)} -> FALSE | P70: FALSE | Q70: FALSE | R70: FALSE | S70: FALSE | T70: FALSE | U70: FALSE | V70: FALSE
O71: FALSE | P71: FALSE | Q71: FALSE | R71: FALSE | S71: FALSE | T71: FALSE | U71: FALSE | V71: FALSE
O72: FALSE | P72: FALSE | Q72: FALSE | R72: FALSE | S72: FALSE | T72: FALSE | U72: FALSE | V72: FALSE
O73: FALSE | P73: FALSE | Q73: FALSE | R73: FALSE | S73: FALSE | T73: FALSE | U73: FALSE | V73: FALSE
O74: FALSE | P74: FALSE | Q74: FALSE | R74: FALSE | S74: FALSE | T74: FALSE | U74: FALSE | V74: FALSE
O75: FALSE | P75: FALSE | Q75: FALSE | R75: FALSE | S75: FALSE | T75: FALSE | U75: FALSE | V75: FALSE
O76: FALSE | P76: FALSE | Q76: FALSE | R76: FALSE | S76: FALSE | T76: FALSE | U76: FALSE | V76: FALSE
O77: FALSE | P77: FALSE | Q77: FALSE | R77: FALSE | S77: FALSE | T77: FALSE | U77: FALSE | V77: FALSE
O80: King
O81: {=_xlfn.LET(_xlpm.files,"ABCDEFGH", _xlpm.bf,FIND(UPPER(LEFT(M12,1)),_xlpm.files), _xlpm.br,--MID(M12,2,99), _xlpm.me,VALUE(RIGHT(N13,1)), _xlpm.e,TEXT(3-_xlpm.me,"0"), _xlpm.ef,IF(3-_xlpm.me=1,1,-1), _xlpm.board,piecetype!A1:H8, _xlpm.code,livegame!I5:P12, _xlpm.cb,_xlfn.MAKEARRAY(8,8,_xlfn.LAMBDA(_xlpm.rr,_xlpm.cc, IF(AND(_xlpm.rr=_xlpm.br,_xlpm.cc=_xlpm.bf),"", _xlfn.LET(_xlpm.v,INDEX(_xlpm.code,_xlpm.rr,_xlpm.cc),IF(OR(_xlpm.v="",_xlpm.v=0,_xlpm.v="0"),"",_xlpm.v&""))))), _xlpm.at,_xlfn.LAMBDA(_xlpm.rr,_xlpm.cc,IF(OR(_xlpm.rr<1,_xlpm.rr>8,_xlpm.cc<1,_xlpm.cc>8),"##",INDEX(_xlpm.cb,_xlpm.rr,_xlpm.cc))), _xlpm.ray,_xlfn.LAMBDA(_xlpm.tr,_xlpm.tc,_xlpm.dr,_xlpm.dc,_xlpm.pipes, INDEX(_xlfn.REDUCE({0,0},_xlfn.SEQUENCE(7),_xlfn.LAMBDA(_xlpm.acc,_xlpm.k, _xlfn.LET(_xlpm.done,INDEX(_xlpm.acc,1,1),_xlpm.r,_xlpm.tr+_xlpm.dr*_xlpm.k,_xlpm.c,_xlpm.tc+_xlpm.dc*_xlpm.k,_xlpm.p,_xlpm.at(_xlpm.r,_xlpm.c), IF(OR(_xlpm.done=1,_xlpm.p="##"),_xlpm.acc, IF(_xlpm.p<>"",_xlfn.HSTACK(1,IF(ISNUMBER(SEARCH("|"&_xlpm.p&"|",_xlpm.pipes)),1,0)),_xlpm.acc))))),1,2)), _xlpm.attacked,_xlfn.LAMBDA(_xlpm.tr,_xlpm.tc, _xlfn.LET( _xlpm.kn,(_xlpm.at(_xlpm.tr-2,_xlpm.tc-1)="n"&_xlpm.e)+(_xlpm.at(_xlpm.tr-2,_xlpm.tc+1)="n"&_xlpm.e)+(_xlpm.at(_xlpm.tr-1,_xlpm.tc-2)="n"&_xlpm.e)+(_xlpm.at(_xlpm.tr-1,_xlpm.tc+2)="n"&_xlpm.e)+(_xlpm.at(_xlpm.tr+1,_xlpm.tc-2)="n"&_xlpm.e)+(_xlpm.at(_xlpm.tr+1,_xlpm.tc+2)="n"&_xlpm.e)+(_xlpm.at(_xlpm.tr+2,_xlpm.tc-1)="n"&_xlpm.e)+(_xlpm.at(_xlpm.tr+2,_xlpm.tc+1)="n"&_xlpm.e), _xlpm.kg,(_xlpm.at(_xlpm.tr-1,_xlpm.tc-1)="k"&_xlpm.e)+(_xlpm.at(_xlpm.tr-1,_xlpm.tc)="k"&_xlpm.e)+(_xlpm.at(_xlpm.tr-1,_xlpm.tc+1)="k"&_xlpm.e)+(_xlpm.at(_xlpm.tr,_xlpm.tc-1)="k"&_xlpm.e)+(_xlpm.at(_xlpm.tr,_xlpm.tc+1)="k"&_xlpm.e)+(_xlpm.at(_xlpm.tr+1,_xlpm.tc-1)="k"&_xlpm.e)+(_xlpm.at(_xlpm.tr+1,_xlpm.tc)="k"&_xlpm.e)+(_xlpm.at(_xlpm.tr+1,_xlpm.tc+1)="k"&_xlpm.e), _xlpm.pw,(_xlpm.at(_xlpm.tr-_xlpm.ef,_xlpm.tc-1)="p"&_xlpm.e)+(_xlpm.at(_xlpm.tr-_xlpm.ef,_xlpm.tc+1)="p"&_xlpm.e), _xlpm.rq,"|r"&_xlpm.e&"|q"&_xlpm.e&"|", _xlpm.bq,"|b"&_xlpm.e&"|q"&_xlpm.e&"|", _xlpm.sl,_xlpm.ray(_xlpm.tr,_xlpm.tc,-1,0,_xlpm.rq)+_xlpm.ray(_xlpm.tr,_xlpm.tc,1,0,_xlpm.rq)+_xlpm.ray(_xlpm.tr,_xlpm.tc,0,-1,_xlpm.rq)+_xlpm.ray(_xlpm.tr,_xlpm.tc,0,1,_xlpm.rq)+_xlpm.ray(_xlpm.tr,_xlpm.tc,-1,-1,_xlpm.bq)+_xlpm.ray(_xlpm.tr,_xlpm.tc,-1,1,_xlpm.bq)+_xlpm.ray(_xlpm.tr,_xlpm.tc,1,-1,_xlpm.bq)+_xlpm.ray(_xlpm.tr,_xlpm.tc,1,1,_xlpm.bq), --(_xlpm.kn+_xlpm.kg+_xlpm.pw+_xlpm.sl>0))), _xlpm.r,_xlfn.SEQUENCE(8,,1,1)+0*_xlfn.SEQUENCE(1,8,1,1), _xlpm.c,_xlfn.SEQUENCE(1,8,1,1)+0*_xlfn.SEQUENCE(8,,1,1), _xlpm.dr,_xlpm.r-_xlpm.br,_xlpm.dc,_xlpm.c-_xlpm.bf, _xlpm.self,(_xlpm.dr=0)*(_xlpm.dc=0), _xlpm.adj,(ABS(_xlpm.dr)<=1)*(ABS(_xlpm.dc)<=1)*NOT(_xlpm.self), _xlpm.dest,IF(_xlpm.board="",0,VALUE(_xlpm.board)), _xlpm.threat,_xlfn.MAKEARRAY(8,8,_xlfn.LAMBDA(_xlpm.tr,_xlpm.tc,_xlpm.attacked(_xlpm.tr,_xlpm.tc))), _xlpm.legal,_xlpm.adj*((_xlpm.dest=0)+((_xlpm.dest<>0)*(_xlpm.dest<>_xlpm.me)))*(_xlpm.threat=0), _xlpm.legal=1)} -> #VALUE! | P81: #VALUE! | Q81: #VALUE! | R81: #VALUE! | S81: #VALUE! | T81: #VALUE! | U81: #VALUE! | V81: #VALUE!
O82: #VALUE! | P82: #VALUE! | Q82: #VALUE! | R82: #VALUE! | S82: #VALUE! | T82: #VALUE! | U82: #VALUE! | V82: #VALUE!
O83: #VALUE! | P83: #VALUE! | Q83: #VALUE! | R83: #VALUE! | S83: #VALUE! | T83: #VALUE! | U83: #VALUE! | V83: #VALUE!
O84: #VALUE! | P84: #VALUE! | Q84: #VALUE! | R84: #VALUE! | S84: #VALUE! | T84: #VALUE! | U84: #VALUE! | V84: #VALUE!
O85: #VALUE! | P85: #VALUE! | Q85: #VALUE! | R85: #VALUE! | S85: #VALUE! | T85: #VALUE! | U85: #VALUE! | V85: #VALUE!
O86: #VALUE! | P86: #VALUE! | Q86: #VALUE! | R86: #VALUE! | S86: #VALUE! | T86: #VALUE! | U86: #VALUE! | V86: #VALUE!
O87: #VALUE! | P87: #VALUE! | Q87: #VALUE! | R87: #VALUE! | S87: #VALUE! | T87: #VALUE! | U87: #VALUE! | V87: #VALUE!
O88: #VALUE! | P88: #VALUE! | Q88: #VALUE! | R88: #VALUE! | S88: #VALUE! | T88: #VALUE! | U88: #VALUE! | V88: #VALUE!
X90: Castle
X91: {=O70:V77} -> FALSE | Y91: FALSE | Z91: FALSE | AA91: FALSE | AB91: FALSE | AC91: FALSE | AD91: FALSE | AE91: FALSE
X92: FALSE | Y92: FALSE | Z92: FALSE | AA92: FALSE | AB92: FALSE | AC92: FALSE | AD92: FALSE | AE92: FALSE
X93: FALSE | Y93: FALSE | Z93: FALSE | AA93: FALSE | AB93: FALSE | AC93: FALSE | AD93: FALSE | AE93: FALSE
X94: FALSE | Y94: FALSE | Z94: FALSE | AA94: FALSE | AB94: FALSE | AC94: FALSE | AD94: FALSE | AE94: FALSE
X95: FALSE | Y95: FALSE | Z95: FALSE | AA95: FALSE | AB95: FALSE | AC95: FALSE | AD95: FALSE | AE95: FALSE
X96: FALSE | Y96: FALSE | Z96: FALSE | AA96: FALSE | AB96: FALSE | AC96: FALSE | AD96: FALSE | AE96: FALSE
X97: FALSE | Y97: FALSE | Z97: FALSE | AA97: FALSE | AB97: FALSE | AC97: FALSE | AD97: FALSE | AE97: FALSE
X98: FALSE | Y98: FALSE | Z98: FALSE | AA98: FALSE | AB98: FALSE | AC98: FALSE | AD98: FALSE | AE98: FALSE
X99: TRUTH
X100: {=_xlfn.SWITCH(LEFT(N13),"b",_xlfn.ANCHORARRAY(O15),"r",_xlfn.ANCHORARRAY(O26),"q",_xlfn.ANCHORARRAY(O37),"n",_xlfn.ANCHORARRAY(O48),"p",_xlfn.ANCHORARRAY(O59),"k",(_xlfn.ANCHORARRAY(O81)+_xlfn.ANCHORARRAY(O70))>0)} -> #N/A
AG108: target pos: | AI108: from pos:
AG109: =IF(L11,"",J9) -> #N/A | AH109: can move: | AI109: =M12 | AJ109: type:
AH110: {=IFERROR(IF(INDEX($X$91:$AE$98, ROW(INDIRECT(AG109)), COLUMN(INDIRECT(AG109)))=TRUE, "CASTLE", IF(INDEX($X$100:$AE$107, ROW(INDIRECT(AG109)), COLUMN(INDIRECT(AG109)))=TRUE,TRUE,FALSE)),FALSE)} -> FALSE | AJ110: =N13

Sheet livegame
B1: =IF(R16=1,"white","black") -> white | C1: =Sheet1!K2 -> TRUE | U1: =IF($C$1,0,IF($B$4=TRUE,U1+1,U1)) -> 0
A2: {=IF(Engine!$N$6,_xlfn.VSTACK(_xlfn.HSTACK("target pos:","","from pos:",""),_xlfn.HSTACK(Engine!$N$4,"can move:",Engine!$N$3,"type:"),_xlfn.HSTACK("",AND(Engine!$N$3<>"",Engine!$N$4<>"",Engine!$N$5<>""),"",Engine!$N$5)),inputsimplified!AG108:AJ110)} -> target pos: | B2: 0 | C2: from pos: | D2: 0
A3: #N/A | B3: can move: | D3: type:
A4: 0 | B4: FALSE | C4: 0
I5: {=IFERROR(IF($C$1,base!A1, IF(IFERROR(_xlfn.IFNA($B$4,FALSE),FALSE)="CASTLE", IF(SUBSTITUTE(CELL("address",A1),"$","")=UPPER($A$3),$D$4, IF(SUBSTITUTE(CELL("address",A1),"$","")=UPPER($C$3),"",IF(NOT(ISERR(FIND("B",UPPER($A$3)))), IF(SUBSTITUTE(CELL("address",A1),"$","")=REPLACE(UPPER($A$3),1,1,"C"),REPLACE(UPPER($D$4),1,1,"r"), IF(SUBSTITUTE(CELL("address",A1),"$","")=REPLACE(UPPER($A$3),1,1,"A"),"",I5)), IF(SUBSTITUTE(CELL("address",A1),"$","")=REPLACE(UPPER($A$3),1,1,"E"),REPLACE(UPPER($D$4),1,1,"r"), IF(SUBSTITUTE(CELL("address",A1),"$","")=REPLACE(UPPER($A$3),1,1,"H"),"",I5))))), IF($C$1,base!A1,IF(IFERROR(_xlfn.IFNA($B$4,FALSE),FALSE),IF(SUBSTITUTE(CELL("address",A1),"$","")=UPPER($A$3),SUBSTITUTE($D$4,"p","q"),IF(SUBSTITUTE(CELL("address",A1),"$","")=UPPER($C$3),"",I5)),I5)))),I5)} -> r1 | J5: {=IFERROR(IF($C$1,base!B1, IF(IFERROR(_xlfn.IFNA($B$4,FALSE),FALSE)="CASTLE", IF(SUBSTITUTE(CELL("address",B1),"$","")=UPPER($A$3),$D$4, IF(SUBSTITUTE(CELL("address",B1),"$","")=UPPER($C$3),"",IF(NOT(ISERR(FIND("B",UPPER($A$3)))), IF(SUBSTITUTE(CELL("address",B1),"$","")=REPLACE(UPPER($A$3),1,1,"C"),REPLACE(UPPER($D$4),1,1,"r"), IF(SUBSTITUTE(CELL("address",B1),"$","")=REPLACE(UPPER($A$3),1,1,"A"),"",J5)), IF(SUBSTITUTE(CELL("address",B1),"$","")=REPLACE(UPPER($A$3),1,1,"E"),REPLACE(UPPER($D$4),1,1,"r"), IF(SUBSTITUTE(CELL("address",B1),"$","")=REPLACE(UPPER($A$3),1,1,"H"),"",J5))))), IF($C$1,base!B1,IF(IFERROR(_xlfn.IFNA($B$4,FALSE),FALSE),IF(SUBSTITUTE(CELL("address",B1),"$","")=UPPER($A$3),SUBSTITUTE($D$4,"p","q"),IF(SUBSTITUTE(CELL("address",B1),"$","")=UPPER($C$3),"",J5)),J5)))),J5)} -> n1 | K5: {=IFERROR(IF($C$1,base!C1, IF(IFERROR(_xlfn.IFNA($B$4,FALSE),FALSE)="CASTLE", IF(SUBSTITUTE(CELL("address",C1),"$","")=UPPER($A$3),$D$4, IF(SUBSTITUTE(CELL("address",C1),"$","")=UPPER($C$3),"",IF(NOT(ISERR(FIND("B",UPPER($A$3)))), IF(SUBSTITUTE(CELL("address",C1),"$","")=REPLACE(UPPER($A$3),1,1,"C"),REPLACE(UPPER($D$4),1,1,"r"), IF(SUBSTITUTE(CELL("address",C1),"$","")=REPLACE(UPPER($A$3),1,1,"A"),"",K5)), IF(SUBSTITUTE(CELL("address",C1),"$","")=REPLACE(UPPER($A$3),1,1,"E"),REPLACE(UPPER($D$4),1,1,"r"), IF(SUBSTITUTE(CELL("address",C1),"$","")=REPLACE(UPPER($A$3),1,1,"H"),"",K5))))), IF($C$1,base!C1,IF(IFERROR(_xlfn.IFNA($B$4,FALSE),FALSE),IF(SUBSTITUTE(CELL("address",C1),"$","")=UPPER($A$3),SUBSTITUTE($D$4,"p","q"),IF(SUBSTITUTE(CELL("address",C1),"$","")=UPPER($C$3),"",K5)),K5)))),K5)} -> b1 | L5: {=IFERROR(IF($C$1,base!D1, IF(IFERROR(_xlfn.IFNA($B$4,FALSE),FALSE)="CASTLE", IF(SUBSTITUTE(CELL("address",D1),"$","")=UPPER($A$3),$D$4, IF(SUBSTITUTE(CELL("address",D1),"$","")=UPPER($C$3),"",IF(NOT(ISERR(FIND("B",UPPER($A$3)))), IF(SUBSTITUTE(CELL("address",D1),"$","")=REPLACE(UPPER($A$3),1,1,"C"),REPLACE(UPPER($D$4),1,1,"r"), IF(SUBSTITUTE(CELL("address",D1),"$","")=REPLACE(UPPER($A$3),1,1,"A"),"",L5)), IF(SUBSTITUTE(CELL("address",D1),"$","")=REPLACE(UPPER($A$3),1,1,"E"),REPLACE(UPPER($D$4),1,1,"r"), IF(SUBSTITUTE(CELL("address",D1),"$","")=REPLACE(UPPER($A$3),1,1,"H"),"",L5))))), IF($C$1,base!D1,IF(IFERROR(_xlfn.IFNA($B$4,FALSE),FALSE),IF(SUBSTITUTE(CELL("address",D1),"$","")=UPPER($A$3),SUBSTITUTE($D$4,"p","q"),IF(SUBSTITUTE(CELL("address",D1),"$","")=UPPER($C$3),"",L5)),L5)))),L5)} -> k1 | M5: {=IFERROR(IF($C$1,base!E1, IF(IFERROR(_xlfn.IFNA($B$4,FALSE),FALSE)="CASTLE", IF(SUBSTITUTE(CELL("address",E1),"$","")=UPPER($A$3),$D$4, IF(SUBSTITUTE(CELL("address",E1),"$","")=UPPER($C$3),"",IF(NOT(ISERR(FIND("B",UPPER($A$3)))), IF(SUBSTITUTE(CELL("address",E1),"$","")=REPLACE(UPPER($A$3),1,1,"C"),REPLACE(UPPER($D$4),1,1,"r"), IF(SUBSTITUTE(CELL("address",E1),"$","")=REPLACE(UPPER($A$3),1,1,"A"),"",M5)), IF(SUBSTITUTE(CELL("address",E1),"$","")=REPLACE(UPPER($A$3),1,1,"E"),REPLACE(UPPER($D$4),1,1,"r"), IF(SUBSTITUTE(CELL("address",E1),"$","")=REPLACE(UPPER($A$3),1,1,"H"),"",M5))))), IF($C$1,base!E1,IF(IFERROR(_xlfn.IFNA($B$4,FALSE),FALSE),IF(SUBSTITUTE(CELL("address",E1),"$","")=UPPER($A$3),SUBSTITUTE($D$4,"p","q"),IF(SUBSTITUTE(CELL("address",E1),"$","")=UPPER($C$3),"",M5)),M5)))),M5)} -> q1 | N5: {=IFERROR(IF($C$1,base!F1, IF(IFERROR(_xlfn.IFNA($B$4,FALSE),FALSE)="CASTLE", IF(SUBSTITUTE(CELL("address",F1),"$","")=UPPER($A$3),$D$4, IF(SUBSTITUTE(CELL("address",F1),"$","")=UPPER($C$3),"",IF(NOT(ISERR(FIND("B",UPPER($A$3)))), IF(SUBSTITUTE(CELL("address",F1),"$","")=REPLACE(UPPER($A$3),1,1,"C"),REPLACE(UPPER($D$4),1,1,"r"), IF(SUBSTITUTE(CELL("address",F1),"$","")=REPLACE(UPPER($A$3),1,1,"A"),"",N5)), IF(SUBSTITUTE(CELL("address",F1),"$","")=REPLACE(UPPER($A$3),1,1,"E"),REPLACE(UPPER($D$4),1,1,"r"), IF(SUBSTITUTE(CELL("address",F1),"$","")=REPLACE(UPPER($A$3),1,1,"H"),"",N5))))), IF($C$1,base!F1,IF(IFERROR(_xlfn.IFNA($B$4,FALSE),FALSE),IF(SUBSTITUTE(CELL("address",F1),"$","")=UPPER($A$3),SUBSTITUTE($D$4,"p","q"),IF(SUBSTITUTE(CELL("address",F1),"$","")=UPPER($C$3),"",N5)),N5)))),N5)} -> b1 | O5: {=IFERROR(IF($C$1,base!G1, IF(IFERROR(_xlfn.IFNA($B$4,FALSE),FALSE)="CASTLE", IF(SUBSTITUTE(CELL("address",G1),"$","")=UPPER($A$3),$D$4, IF(SUBSTITUTE(CELL("address",G1),"$","")=UPPER($C$3),"",IF(NOT(ISERR(FIND("B",UPPER($A$3)))), IF(SUBSTITUTE(CELL("address",G1),"$","")=REPLACE(UPPER($A$3),1,1,"C"),REPLACE(UPPER($D$4),1,1,"r"), IF(SUBSTITUTE(CELL("address",G1),"$","")=REPLACE(UPPER($A$3),1,1,"A"),"",O5)), IF(SUBSTITUTE(CELL("address",G1),"$","")=REPLACE(UPPER($A$3),1,1,"E"),REPLACE(UPPER($D$4),1,1,"r"), IF(SUBSTITUTE(CELL("address",G1),"$","")=REPLACE(UPPER($A$3),1,1,"H"),"",O5))))), IF($C$1,base!G1,IF(IFERROR(_xlfn.IFNA($B$4,FALSE),FALSE),IF(SUBSTITUTE(CELL("address",G1),"$","")=UPPER($A$3),SUBSTITUTE($D$4,"p","q"),IF(SUBSTITUTE(CELL("address",G1),"$","")=UPPER($C$3),"",O5)),O5)))),O5)} -> n1 | P5: {=IFERROR(IF($C$1,base!H1, IF(IFERROR(_xlfn.IFNA($B$4,FALSE),FALSE)="CASTLE", IF(SUBSTITUTE(CELL("address",H1),"$","")=UPPER($A$3),$D$4, IF(SUBSTITUTE(CELL("address",H1),"$","")=UPPER($C$3),"",IF(NOT(ISERR(FIND("B",UPPER($A$3)))), IF(SUBSTITUTE(CELL("address",H1),"$","")=REPLACE(UPPER($A$3),1,1,"C"),REPLACE(UPPER($D$4),1,1,"r"), IF(SUBSTITUTE(CELL("address",H1),"$","")=REPLACE(UPPER($A$3),1,1,"A"),"",P5)), IF(SUBSTITUTE(CELL("address",H1),"$","")=REPLACE(UPPER($A$3),1,1,"E"),REPLACE(UPPER($D$4),1,1,"r"), IF(SUBSTITUTE(CELL("address",H1),"$","")=REPLACE(UPPER($A$3),1,1,"H"),"",P5))))), IF($C$1,base!H1,IF(IFERROR(_xlfn.IFNA($B$4,FALSE),FALSE),IF(SUBSTITUTE(CELL("address",H1),"$","")=UPPER($A$3),SUBSTITUTE($D$4,"p","q"),IF(SUBSTITUTE(CELL("address",H1),"$","")=UPPER($C$3),"",P5)),P5)))),P5)} -> r1
I6: {=IFERROR(IF($C$1,base!A2, IF(($B$4=TRUE), IF(SUBSTITUTE(CELL("address",A2),"$","")=UPPER($A$3),$D$4, IF(SUBSTITUTE(CELL("address",A2),"$","")=UPPER($C$3),"", IF(AND(UPPER(LEFT($D$4,1))="P", SUBSTITUTE(CELL("address",A2),"$","")=UPPER(LEFT($A$3,1)&(--MID($A$3,2,99)-IF(RIGHT($D$4,1)="1",1,-1))), UPPER(I6)="P"&IF(RIGHT($D$4,1)="1","2","1"), OR(inputsimplified!$K$10="",inputsimplified!$K$10=0)), "", I6))), I6)),I6)} -> p1 | J6: {=IFERROR(IF($C$1,base!B2, IF(($B$4=TRUE), IF(SUBSTITUTE(CELL("address",B2),"$","")=UPPER($A$3),$D$4, IF(SUBSTITUTE(CELL("address",B2),"$","")=UPPER($C$3),"", IF(AND(UPPER(LEFT($D$4,1))="P", SUBSTITUTE(CELL("address",B2),"$","")=UPPER(LEFT($A$3,1)&(--MID($A$3,2,99)-IF(RIGHT($D$4,1)="1",1,-1))), UPPER(J6)="P"&IF(RIGHT($D$4,1)="1","2","1"), OR(inputsimplified!$K$10="",inputsimplified!$K$10=0)), "", J6))), J6)),J6)} -> p1 | K6: {=IFERROR(IF($C$1,base!C2, IF(($B$4=TRUE), IF(SUBSTITUTE(CELL("address",C2),"$","")=UPPER($A$3),$D$4, IF(SUBSTITUTE(CELL("address",C2),"$","")=UPPER($C$3),"", IF(AND(UPPER(LEFT($D$4,1))="P", SUBSTITUTE(CELL("address",C2),"$","")=UPPER(LEFT($A$3,1)&(--MID($A$3,2,99)-IF(RIGHT($D$4,1)="1",1,-1))), UPPER(K6)="P"&IF(RIGHT($D$4,1)="1","2","1"), OR(inputsimplified!$K$10="",inputsimplified!$K$10=0)), "", K6))), K6)),K6)} -> p1 | L6: {=IFERROR(IF($C$1,base!D2, IF(($B$4=TRUE), IF(SUBSTITUTE(CELL("address",D2),"$","")=UPPER($A$3),$D$4, IF(SUBSTITUTE(CELL("address",D2),"$","")=UPPER($C$3),"", IF(AND(UPPER(LEFT($D$4,1))="P", SUBSTITUTE(CELL("address",D2),"$","")=UPPER(LEFT($A$3,1)&(--MID($A$3,2,99)-IF(RIGHT($D$4,1)="1",1,-1))), UPPER(L6)="P"&IF(RIGHT($D$4,1)="1","2","1"), OR(inputsimplified!$K$10="",inputsimplified!$K$10=0)), "", L6))), L6)),L6)} -> p1 | M6: {=IFERROR(IF($C$1,base!E2, IF(($B$4=TRUE), IF(SUBSTITUTE(CELL("address",E2),"$","")=UPPER($A$3),$D$4, IF(SUBSTITUTE(CELL("address",E2),"$","")=UPPER($C$3),"", IF(AND(UPPER(LEFT($D$4,1))="P", SUBSTITUTE(CELL("address",E2),"$","")=UPPER(LEFT($A$3,1)&(--MID($A$3,2,99)-IF(RIGHT($D$4,1)="1",1,-1))), UPPER(M6)="P"&IF(RIGHT($D$4,1)="1","2","1"), OR(inputsimplified!$K$10="",inputsimplified!$K$10=0)), "", M6))), M6)),M6)} -> p1 | N6: {=IFERROR(IF($C$1,base!F2, IF(($B$4=TRUE), IF(SUBSTITUTE(CELL("address",F2),"$","")=UPPER($A$3),$D$4, IF(SUBSTITUTE(CELL("address",F2),"$","")=UPPER($C$3),"", IF(AND(UPPER(LEFT($D$4,1))="P", SUBSTITUTE(CELL("address",F2),"$","")=UPPER(LEFT($A$3,1)&(--MID($A$3,2,99)-IF(RIGHT($D$4,1)="1",1,-1))), UPPER(N6)="P"&IF(RIGHT($D$4,1)="1","2","1"), OR(inputsimplified!$K$10="",inputsimplified!$K$10=0)), "", N6))), N6)),N6)} -> p1 | O6: {=IFERROR(IF($C$1,base!G2, IF(($B$4=TRUE), IF(SUBSTITUTE(CELL("address",G2),"$","")=UPPER($A$3),$D$4, IF(SUBSTITUTE(CELL("address",G2),"$","")=UPPER($C$3),"", IF(AND(UPPER(LEFT($D$4,1))="P", SUBSTITUTE(CELL("address",G2),"$","")=UPPER(LEFT($A$3,1)&(--MID($A$3,2,99)-IF(RIGHT($D$4,1)="1",1,-1))), UPPER(O6)="P"&IF(RIGHT($D$4,1)="1","2","1"), OR(inputsimplified!$K$10="",inputsimplified!$K$10=0)), "", O6))), O6)),O6)} -> p1 | P6: {=IFERROR(IF($C$1,base!H2, IF(($B$4=TRUE), IF(SUBSTITUTE(CELL("address",H2),"$","")=UPPER($A$3),$D$4, IF(SUBSTITUTE(CELL("address",H2),"$","")=UPPER($C$3),"", IF(AND(UPPER(LEFT($D$4,1))="P", SUBSTITUTE(CELL("address",H2),"$","")=UPPER(LEFT($A$3,1)&(--MID($A$3,2,99)-IF(RIGHT($D$4,1)="1",1,-1))), UPPER(P6)="P"&IF(RIGHT($D$4,1)="1","2","1"), OR(inputsimplified!$K$10="",inputsimplified!$K$10=0)), "", P6))), P6)),P6)} -> p1
I7: {=IFERROR(IF($C$1,base!A3, IF(($B$4=TRUE), IF(SUBSTITUTE(CELL("address",A3),"$","")=UPPER($A$3),$D$4, IF(SUBSTITUTE(CELL("address",A3),"$","")=UPPER($C$3),"", IF(AND(UPPER(LEFT($D$4,1))="P", SUBSTITUTE(CELL("address",A3),"$","")=UPPER(LEFT($A$3,1)&(--MID($A$3,2,99)-IF(RIGHT($D$4,1)="1",1,-1))), UPPER(I7)="P"&IF(RIGHT($D$4,1)="1","2","1"), OR(inputsimplified!$K$10="",inputsimplified!$K$10=0)), "", I7))), I7)),I7)} -> 0 | J7: {=IFERROR(IF($C$1,base!B3, IF(($B$4=TRUE), IF(SUBSTITUTE(CELL("address",B3),"$","")=UPPER($A$3),$D$4, IF(SUBSTITUTE(CELL("address",B3),"$","")=UPPER($C$3),"", IF(AND(UPPER(LEFT($D$4,1))="P", SUBSTITUTE(CELL("address",B3),"$","")=UPPER(LEFT($A$3,1)&(--MID($A$3,2,99)-IF(RIGHT($D$4,1)="1",1,-1))), UPPER(J7)="P"&IF(RIGHT($D$4,1)="1","2","1"), OR(inputsimplified!$K$10="",inputsimplified!$K$10=0)), "", J7))), J7)),J7)} -> 0 | K7: {=IFERROR(IF($C$1,base!C3, IF(($B$4=TRUE), IF(SUBSTITUTE(CELL("address",C3),"$","")=UPPER($A$3),$D$4, IF(SUBSTITUTE(CELL("address",C3),"$","")=UPPER($C$3),"", IF(AND(UPPER(LEFT($D$4,1))="P", SUBSTITUTE(CELL("address",C3),"$","")=UPPER(LEFT($A$3,1)&(--MID($A$3,2,99)-IF(RIGHT($D$4,1)="1",1,-1))), UPPER(K7)="P"&IF(RIGHT($D$4,1)="1","2","1"), OR(inputsimplified!$K$10="",inputsimplified!$K$10=0)), "", K7))), K7)),K7)} -> 0 | L7: {=IFERROR(IF($C$1,base!D3, IF(($B$4=TRUE), IF(SUBSTITUTE(CELL("address",D3),"$","")=UPPER($A$3),$D$4, IF(SUBSTITUTE(CELL("address",D3),"$","")=UPPER($C$3),"", IF(AND(UPPER(LEFT($D$4,1))="P", SUBSTITUTE(CELL("address",D3),"$","")=UPPER(LEFT($A$3,1)&(--MID($A$3,2,99)-IF(RIGHT($D$4,1)="1",1,-1))), UPPER(L7)="P"&IF(RIGHT($D$4,1)="1","2","1"), OR(inputsimplified!$K$10="",inputsimplified!$K$10=0)), "", L7))), L7)),L7)} -> 0 | M7: {=IFERROR(IF($C$1,base!E3, IF(($B$4=TRUE), IF(SUBSTITUTE(CELL("address",E3),"$","")=UPPER($A$3),$D$4, IF(SUBSTITUTE(CELL("address",E3),"$","")=UPPER($C$3),"", IF(AND(UPPER(LEFT($D$4,1))="P", SUBSTITUTE(CELL("address",E3),"$","")=UPPER(LEFT($A$3,1)&(--MID($A$3,2,99)-IF(RIGHT($D$4,1)="1",1,-1))), UPPER(M7)="P"&IF(RIGHT($D$4,1)="1","2","1"), OR(inputsimplified!$K$10="",inputsimplified!$K$10=0)), "", M7))), M7)),M7)} -> 0 | N7: {=IFERROR(IF($C$1,base!F3, IF(($B$4=TRUE), IF(SUBSTITUTE(CELL("address",F3),"$","")=UPPER($A$3),$D$4, IF(SUBSTITUTE(CELL("address",F3),"$","")=UPPER($C$3),"", IF(AND(UPPER(LEFT($D$4,1))="P", SUBSTITUTE(CELL("address",F3),"$","")=UPPER(LEFT($A$3,1)&(--MID($A$3,2,99)-IF(RIGHT($D$4,1)="1",1,-1))), UPPER(N7)="P"&IF(RIGHT($D$4,1)="1","2","1"), OR(inputsimplified!$K$10="",inputsimplified!$K$10=0)), "", N7))), N7)),N7)} -> 0 | O7: {=IFERROR(IF($C$1,base!G3, IF(($B$4=TRUE), IF(SUBSTITUTE(CELL("address",G3),"$","")=UPPER($A$3),$D$4, IF(SUBSTITUTE(CELL("address",G3),"$","")=UPPER($C$3),"", IF(AND(UPPER(LEFT($D$4,1))="P", SUBSTITUTE(CELL("address",G3),"$","")=UPPER(LEFT($A$3,1)&(--MID($A$3,2,99)-IF(RIGHT($D$4,1)="1",1,-1))), UPPER(O7)="P"&IF(RIGHT($D$4,1)="1","2","1"), OR(inputsimplified!$K$10="",inputsimplified!$K$10=0)), "", O7))), O7)),O7)} -> 0 | P7: {=IFERROR(IF($C$1,base!H3, IF(($B$4=TRUE), IF(SUBSTITUTE(CELL("address",H3),"$","")=UPPER($A$3),$D$4, IF(SUBSTITUTE(CELL("address",H3),"$","")=UPPER($C$3),"", IF(AND(UPPER(LEFT($D$4,1))="P", SUBSTITUTE(CELL("address",H3),"$","")=UPPER(LEFT($A$3,1)&(--MID($A$3,2,99)-IF(RIGHT($D$4,1)="1",1,-1))), UPPER(P7)="P"&IF(RIGHT($D$4,1)="1","2","1"), OR(inputsimplified!$K$10="",inputsimplified!$K$10=0)), "", P7))), P7)),P7)} -> 0
I8: {=IFERROR(IF($C$1,base!A4, IF(($B$4=TRUE), IF(SUBSTITUTE(CELL("address",A4),"$","")=UPPER($A$3),$D$4, IF(SUBSTITUTE(CELL("address",A4),"$","")=UPPER($C$3),"", IF(AND(UPPER(LEFT($D$4,1))="P", SUBSTITUTE(CELL("address",A4),"$","")=UPPER(LEFT($A$3,1)&(--MID($A$3,2,99)-IF(RIGHT($D$4,1)="1",1,-1))), UPPER(I8)="P"&IF(RIGHT($D$4,1)="1","2","1"), OR(inputsimplified!$K$10="",inputsimplified!$K$10=0)), "", I8))), I8)),I8)} -> 0 | J8: {=IFERROR(IF($C$1,base!B4, IF(($B$4=TRUE), IF(SUBSTITUTE(CELL("address",B4),"$","")=UPPER($A$3),$D$4, IF(SUBSTITUTE(CELL("address",B4),"$","")=UPPER($C$3),"", IF(AND(UPPER(LEFT($D$4,1))="P", SUBSTITUTE(CELL("address",B4),"$","")=UPPER(LEFT($A$3,1)&(--MID($A$3,2,99)-IF(RIGHT($D$4,1)="1",1,-1))), UPPER(J8)="P"&IF(RIGHT($D$4,1)="1","2","1"), OR(inputsimplified!$K$10="",inputsimplified!$K$10=0)), "", J8))), J8)),J8)} -> 0 | K8: {=IFERROR(IF($C$1,base!C4, IF(($B$4=TRUE), IF(SUBSTITUTE(CELL("address",C4),"$","")=UPPER($A$3),$D$4, IF(SUBSTITUTE(CELL("address",C4),"$","")=UPPER($C$3),"", IF(AND(UPPER(LEFT($D$4,1))="P", SUBSTITUTE(CELL("address",C4),"$","")=UPPER(LEFT($A$3,1)&(--MID($A$3,2,99)-IF(RIGHT($D$4,1)="1",1,-1))), UPPER(K8)="P"&IF(RIGHT($D$4,1)="1","2","1"), OR(inputsimplified!$K$10="",inputsimplified!$K$10=0)), "", K8))), K8)),K8)} -> 0 | L8: {=IFERROR(IF($C$1,base!D4, IF(($B$4=TRUE), IF(SUBSTITUTE(CELL("address",D4),"$","")=UPPER($A$3),$D$4, IF(SUBSTITUTE(CELL("address",D4),"$","")=UPPER($C$3),"", IF(AND(UPPER(LEFT($D$4,1))="P", SUBSTITUTE(CELL("address",D4),"$","")=UPPER(LEFT($A$3,1)&(--MID($A$3,2,99)-IF(RIGHT($D$4,1)="1",1,-1))), UPPER(L8)="P"&IF(RIGHT($D$4,1)="1","2","1"), OR(inputsimplified!$K$10="",inputsimplified!$K$10=0)), "", L8))), L8)),L8)} -> 0 | M8: {=IFERROR(IF($C$1,base!E4, IF(($B$4=TRUE), IF(SUBSTITUTE(CELL("address",E4),"$","")=UPPER($A$3),$D$4, IF(SUBSTITUTE(CELL("address",E4),"$","")=UPPER($C$3),"", IF(AND(UPPER(LEFT($D$4,1))="P", SUBSTITUTE(CELL("address",E4),"$","")=UPPER(LEFT($A$3,1)&(--MID($A$3,2,99)-IF(RIGHT($D$4,1)="1",1,-1))), UPPER(M8)="P"&IF(RIGHT($D$4,1)="1","2","1"), OR(inputsimplified!$K$10="",inputsimplified!$K$10=0)), "", M8))), M8)),M8)} -> 0 | N8: {=IFERROR(IF($C$1,base!F4, IF(($B$4=TRUE), IF(SUBSTITUTE(CELL("address",F4),"$","")=UPPER($A$3),$D$4, IF(SUBSTITUTE(CELL("address",F4),"$","")=UPPER($C$3),"", IF(AND(UPPER(LEFT($D$4,1))="P", SUBSTITUTE(CELL("address",F4),"$","")=UPPER(LEFT($A$3,1)&(--MID($A$3,2,99)-IF(RIGHT($D$4,1)="1",1,-1))), UPPER(N8)="P"&IF(RIGHT($D$4,1)="1","2","1"), OR(inputsimplified!$K$10="",inputsimplified!$K$10=0)), "", N8))), N8)),N8)} -> 0 | O8: {=IFERROR(IF($C$1,base!G4, IF(($B$4=TRUE), IF(SUBSTITUTE(CELL("address",G4),"$","")=UPPER($A$3),$D$4, IF(SUBSTITUTE(CELL("address",G4),"$","")=UPPER($C$3),"", IF(AND(UPPER(LEFT($D$4,1))="P", SUBSTITUTE(CELL("address",G4),"$","")=UPPER(LEFT($A$3,1)&(--MID($A$3,2,99)-IF(RIGHT($D$4,1)="1",1,-1))), UPPER(O8)="P"&IF(RIGHT($D$4,1)="1","2","1"), OR(inputsimplified!$K$10="",inputsimplified!$K$10=0)), "", O8))), O8)),O8)} -> 0 | P8: {=IFERROR(IF($C$1,base!H4, IF(($B$4=TRUE), IF(SUBSTITUTE(CELL("address",H4),"$","")=UPPER($A$3),$D$4, IF(SUBSTITUTE(CELL("address",H4),"$","")=UPPER($C$3),"", IF(AND(UPPER(LEFT($D$4,1))="P", SUBSTITUTE(CELL("address",H4),"$","")=UPPER(LEFT($A$3,1)&(--MID($A$3,2,99)-IF(RIGHT($D$4,1)="1",1,-1))), UPPER(P8)="P"&IF(RIGHT($D$4,1)="1","2","1"), OR(inputsimplified!$K$10="",inputsimplified!$K$10=0)), "", P8))), P8)),P8)} -> 0
I9: {=IFERROR(IF($C$1,base!A5, IF(($B$4=TRUE), IF(SUBSTITUTE(CELL("address",A5),"$","")=UPPER($A$3),$D$4, IF(SUBSTITUTE(CELL("address",A5),"$","")=UPPER($C$3),"", IF(AND(UPPER(LEFT($D$4,1))="P", SUBSTITUTE(CELL("address",A5),"$","")=UPPER(LEFT($A$3,1)&(--MID($A$3,2,99)-IF(RIGHT($D$4,1)="1",1,-1))), UPPER(I9)="P"&IF(RIGHT($D$4,1)="1","2","1"), OR(inputsimplified!$K$10="",inputsimplified!$K$10=0)), "", I9))), I9)),I9)} -> 0 | J9: {=IFERROR(IF($C$1,base!B5, IF(($B$4=TRUE), IF(SUBSTITUTE(CELL("address",B5),"$","")=UPPER($A$3),$D$4, IF(SUBSTITUTE(CELL("address",B5),"$","")=UPPER($C$3),"", IF(AND(UPPER(LEFT($D$4,1))="P", SUBSTITUTE(CELL("address",B5),"$","")=UPPER(LEFT($A$3,1)&(--MID($A$3,2,99)-IF(RIGHT($D$4,1)="1",1,-1))), UPPER(J9)="P"&IF(RIGHT($D$4,1)="1","2","1"), OR(inputsimplified!$K$10="",inputsimplified!$K$10=0)), "", J9))), J9)),J9)} -> 0 | K9: {=IFERROR(IF($C$1,base!C5, IF(($B$4=TRUE), IF(SUBSTITUTE(CELL("address",C5),"$","")=UPPER($A$3),$D$4, IF(SUBSTITUTE(CELL("address",C5),"$","")=UPPER($C$3),"", IF(AND(UPPER(LEFT($D$4,1))="P", SUBSTITUTE(CELL("address",C5),"$","")=UPPER(LEFT($A$3,1)&(--MID($A$3,2,99)-IF(RIGHT($D$4,1)="1",1,-1))), UPPER(K9)="P"&IF(RIGHT($D$4,1)="1","2","1"), OR(inputsimplified!$K$10="",inputsimplified!$K$10=0)), "", K9))), K9)),K9)} -> 0 | L9: {=IFERROR(IF($C$1,base!D5, IF(($B$4=TRUE), IF(SUBSTITUTE(CELL("address",D5),"$","")=UPPER($A$3),$D$4, IF(SUBSTITUTE(CELL("address",D5),"$","")=UPPER($C$3),"", IF(AND(UPPER(LEFT($D$4,1))="P", SUBSTITUTE(CELL("address",D5),"$","")=UPPER(LEFT($A$3,1)&(--MID($A$3,2,99)-IF(RIGHT($D$4,1)="1",1,-1))), UPPER(L9)="P"&IF(RIGHT($D$4,1)="1","2","1"), OR(inputsimplified!$K$10="",inputsimplified!$K$10=0)), "", L9))), L9)),L9)} -> 0 | M9: {=IFERROR(IF($C$1,base!E5, IF(($B$4=TRUE), IF(SUBSTITUTE(CELL("address",E5),"$","")=UPPER($A$3),$D$4, IF(SUBSTITUTE(CELL("address",E5),"$","")=UPPER($C$3),"", IF(AND(UPPER(LEFT($D$4,1))="P", SUBSTITUTE(CELL("address",E5),"$","")=UPPER(LEFT($A$3,1)&(--MID($A$3,2,99)-IF(RIGHT($D$4,1)="1",1,-1))), UPPER(M9)="P"&IF(RIGHT($D$4,1)="1","2","1"), OR(inputsimplified!$K$10="",inputsimplified!$K$10=0)), "", M9))), M9)),M9)} -> 0 | N9: {=IFERROR(IF($C$1,base!F5, IF(($B$4=TRUE), IF(SUBSTITUTE(CELL("address",F5),"$","")=UPPER($A$3),$D$4, IF(SUBSTITUTE(CELL("address",F5),"$","")=UPPER($C$3),"", IF(AND(UPPER(LEFT($D$4,1))="P", SUBSTITUTE(CELL("address",F5),"$","")=UPPER(LEFT($A$3,1)&(--MID($A$3,2,99)-IF(RIGHT($D$4,1)="1",1,-1))), UPPER(N9)="P"&IF(RIGHT($D$4,1)="1","2","1"), OR(inputsimplified!$K$10="",inputsimplified!$K$10=0)), "", N9))), N9)),N9)} -> 0 | O9: {=IFERROR(IF($C$1,base!G5, IF(($B$4=TRUE), IF(SUBSTITUTE(CELL("address",G5),"$","")=UPPER($A$3),$D$4, IF(SUBSTITUTE(CELL("address",G5),"$","")=UPPER($C$3),"", IF(AND(UPPER(LEFT($D$4,1))="P", SUBSTITUTE(CELL("address",G5),"$","")=UPPER(LEFT($A$3,1)&(--MID($A$3,2,99)-IF(RIGHT($D$4,1)="1",1,-1))), UPPER(O9)="P"&IF(RIGHT($D$4,1)="1","2","1"), OR(inputsimplified!$K$10="",inputsimplified!$K$10=0)), "", O9))), O9)),O9)} -> 0 | P9: {=IFERROR(IF($C$1,base!H5, IF(($B$4=TRUE), IF(SUBSTITUTE(CELL("address",H5),"$","")=UPPER($A$3),$D$4, IF(SUBSTITUTE(CELL("address",H5),"$","")=UPPER($C$3),"", IF(AND(UPPER(LEFT($D$4,1))="P", SUBSTITUTE(CELL("address",H5),"$","")=UPPER(LEFT($A$3,1)&(--MID($A$3,2,99)-IF(RIGHT($D$4,1)="1",1,-1))), UPPER(P9)="P"&IF(RIGHT($D$4,1)="1","2","1"), OR(inputsimplified!$K$10="",inputsimplified!$K$10=0)), "", P9))), P9)),P9)} -> 0
I10: {=IFERROR(IF($C$1,base!A6, IF(($B$4=TRUE), IF(SUBSTITUTE(CELL("address",A6),"$","")=UPPER($A$3),$D$4, IF(SUBSTITUTE(CELL("address",A6),"$","")=UPPER($C$3),"", IF(AND(UPPER(LEFT($D$4,1))="P", SUBSTITUTE(CELL("address",A6),"$","")=UPPER(LEFT($A$3,1)&(--MID($A$3,2,99)-IF(RIGHT($D$4,1)="1",1,-1))), UPPER(I10)="P"&IF(RIGHT($D$4,1)="1","2","1"), OR(inputsimplified!$K$10="",inputsimplified!$K$10=0)), "", I10))), I10)),I10)} -> 0 | J10: {=IFERROR(IF($C$1,base!B6, IF(($B$4=TRUE), IF(SUBSTITUTE(CELL("address",B6),"$","")=UPPER($A$3),$D$4, IF(SUBSTITUTE(CELL("address",B6),"$","")=UPPER($C$3),"", IF(AND(UPPER(LEFT($D$4,1))="P", SUBSTITUTE(CELL("address",B6),"$","")=UPPER(LEFT($A$3,1)&(--MID($A$3,2,99)-IF(RIGHT($D$4,1)="1",1,-1))), UPPER(J10)="P"&IF(RIGHT($D$4,1)="1","2","1"), OR(inputsimplified!$K$10="",inputsimplified!$K$10=0)), "", J10))), J10)),J10)} -> 0 | K10: {=IFERROR(IF($C$1,base!C6, IF(($B$4=TRUE), IF(SUBSTITUTE(CELL("address",C6),"$","")=UPPER($A$3),$D$4, IF(SUBSTITUTE(CELL("address",C6),"$","")=UPPER($C$3),"", IF(AND(UPPER(LEFT($D$4,1))="P", SUBSTITUTE(CELL("address",C6),"$","")=UPPER(LEFT($A$3,1)&(--MID($A$3,2,99)-IF(RIGHT($D$4,1)="1",1,-1))), UPPER(K10)="P"&IF(RIGHT($D$4,1)="1","2","1"), OR(inputsimplified!$K$10="",inputsimplified!$K$10=0)), "", K10))), K10)),K10)} -> 0 | L10: {=IFERROR(IF($C$1,base!D6, IF(($B$4=TRUE), IF(SUBSTITUTE(CELL("address",D6),"$","")=UPPER($A$3),$D$4, IF(SUBSTITUTE(CELL("address",D6),"$","")=UPPER($C$3),"", IF(AND(UPPER(LEFT($D$4,1))="P", SUBSTITUTE(CELL("address",D6),"$","")=UPPER(LEFT($A$3,1)&(--MID($A$3,2,99)-IF(RIGHT($D$4,1)="1",1,-1))), UPPER(L10)="P"&IF(RIGHT($D$4,1)="1","2","1"), OR(inputsimplified!$K$10="",inputsimplified!$K$10=0)), "", L10))), L10)),L10)} -> 0 | M10: {=IFERROR(IF($C$1,base!E6, IF(($B$4=TRUE), IF(SUBSTITUTE(CELL("address",E6),"$","")=UPPER($A$3),$D$4, IF(SUBSTITUTE(CELL("address",E6),"$","")=UPPER($C$3),"", IF(AND(UPPER(LEFT($D$4,1))="P", SUBSTITUTE(CELL("address",E6),"$","")=UPPER(LEFT($A$3,1)&(--MID($A$3,2,99)-IF(RIGHT($D$4,1)="1",1,-1))), UPPER(M10)="P"&IF(RIGHT($D$4,1)="1","2","1"), OR(inputsimplified!$K$10="",inputsimplified!$K$10=0)), "", M10))), M10)),M10)} -> 0 | N10: {=IFERROR(IF($C$1,base!F6, IF(($B$4=TRUE), IF(SUBSTITUTE(CELL("address",F6),"$","")=UPPER($A$3),$D$4, IF(SUBSTITUTE(CELL("address",F6),"$","")=UPPER($C$3),"", IF(AND(UPPER(LEFT($D$4,1))="P", SUBSTITUTE(CELL("address",F6),"$","")=UPPER(LEFT($A$3,1)&(--MID($A$3,2,99)-IF(RIGHT($D$4,1)="1",1,-1))), UPPER(N10)="P"&IF(RIGHT($D$4,1)="1","2","1"), OR(inputsimplified!$K$10="",inputsimplified!$K$10=0)), "", N10))), N10)),N10)} -> 0 | O10: {=IFERROR(IF($C$1,base!G6, IF(($B$4=TRUE), IF(SUBSTITUTE(CELL("address",G6),"$","")=UPPER($A$3),$D$4, IF(SUBSTITUTE(CELL("address",G6),"$","")=UPPER($C$3),"", IF(AND(UPPER(LEFT($D$4,1))="P", SUBSTITUTE(CELL("address",G6),"$","")=UPPER(LEFT($A$3,1)&(--MID($A$3,2,99)-IF(RIGHT($D$4,1)="1",1,-1))), UPPER(O10)="P"&IF(RIGHT($D$4,1)="1","2","1"), OR(inputsimplified!$K$10="",inputsimplified!$K$10=0)), "", O10))), O10)),O10)} -> 0 | P10: {=IFERROR(IF($C$1,base!H6, IF(($B$4=TRUE), IF(SUBSTITUTE(CELL("address",H6),"$","")=UPPER($A$3),$D$4, IF(SUBSTITUTE(CELL("address",H6),"$","")=UPPER($C$3),"", IF(AND(UPPER(LEFT($D$4,1))="P", SUBSTITUTE(CELL("address",H6),"$","")=UPPER(LEFT($A$3,1)&(--MID($A$3,2,99)-IF(RIGHT($D$4,1)="1",1,-1))), UPPER(P10)="P"&IF(RIGHT($D$4,1)="1","2","1"), OR(inputsimplified!$K$10="",inputsimplified!$K$10=0)), "", P10))), P10)),P10)} -> 0
I11: {=IFERROR(IF($C$1,base!A7, IF(($B$4=TRUE), IF(SUBSTITUTE(CELL("address",A7),"$","")=UPPER($A$3),$D$4, IF(SUBSTITUTE(CELL("address",A7),"$","")=UPPER($C$3),"", IF(AND(UPPER(LEFT($D$4,1))="P", SUBSTITUTE(CELL("address",A7),"$","")=UPPER(LEFT($A$3,1)&(--MID($A$3,2,99)-IF(RIGHT($D$4,1)="1",1,-1))), UPPER(I11)="P"&IF(RIGHT($D$4,1)="1","2","1"), OR(inputsimplified!$K$10="",inputsimplified!$K$10=0)), "", I11))), I11)),I11)} -> p2 | J11: {=IFERROR(IF($C$1,base!B7, IF(($B$4=TRUE), IF(SUBSTITUTE(CELL("address",B7),"$","")=UPPER($A$3),$D$4, IF(SUBSTITUTE(CELL("address",B7),"$","")=UPPER($C$3),"", IF(AND(UPPER(LEFT($D$4,1))="P", SUBSTITUTE(CELL("address",B7),"$","")=UPPER(LEFT($A$3,1)&(--MID($A$3,2,99)-IF(RIGHT($D$4,1)="1",1,-1))), UPPER(J11)="P"&IF(RIGHT($D$4,1)="1","2","1"), OR(inputsimplified!$K$10="",inputsimplified!$K$10=0)), "", J11))), J11)),J11)} -> p2 | K11: {=IFERROR(IF($C$1,base!C7, IF(($B$4=TRUE), IF(SUBSTITUTE(CELL("address",C7),"$","")=UPPER($A$3),$D$4, IF(SUBSTITUTE(CELL("address",C7),"$","")=UPPER($C$3),"", IF(AND(UPPER(LEFT($D$4,1))="P", SUBSTITUTE(CELL("address",C7),"$","")=UPPER(LEFT($A$3,1)&(--MID($A$3,2,99)-IF(RIGHT($D$4,1)="1",1,-1))), UPPER(K11)="P"&IF(RIGHT($D$4,1)="1","2","1"), OR(inputsimplified!$K$10="",inputsimplified!$K$10=0)), "", K11))), K11)),K11)} -> p2 | L11: {=IFERROR(IF($C$1,base!D7, IF(($B$4=TRUE), IF(SUBSTITUTE(CELL("address",D7),"$","")=UPPER($A$3),$D$4, IF(SUBSTITUTE(CELL("address",D7),"$","")=UPPER($C$3),"", IF(AND(UPPER(LEFT($D$4,1))="P", SUBSTITUTE(CELL("address",D7),"$","")=UPPER(LEFT($A$3,1)&(--MID($A$3,2,99)-IF(RIGHT($D$4,1)="1",1,-1))), UPPER(L11)="P"&IF(RIGHT($D$4,1)="1","2","1"), OR(inputsimplified!$K$10="",inputsimplified!$K$10=0)), "", L11))), L11)),L11)} -> p2 | M11: {=IFERROR(IF($C$1,base!E7, IF(($B$4=TRUE), IF(SUBSTITUTE(CELL("address",E7),"$","")=UPPER($A$3),$D$4, IF(SUBSTITUTE(CELL("address",E7),"$","")=UPPER($C$3),"", IF(AND(UPPER(LEFT($D$4,1))="P", SUBSTITUTE(CELL("address",E7),"$","")=UPPER(LEFT($A$3,1)&(--MID($A$3,2,99)-IF(RIGHT($D$4,1)="1",1,-1))), UPPER(M11)="P"&IF(RIGHT($D$4,1)="1","2","1"), OR(inputsimplified!$K$10="",inputsimplified!$K$10=0)), "", M11))), M11)),M11)} -> p2 | N11: {=IFERROR(IF($C$1,base!F7, IF(($B$4=TRUE), IF(SUBSTITUTE(CELL("address",F7),"$","")=UPPER($A$3),$D$4, IF(SUBSTITUTE(CELL("address",F7),"$","")=UPPER($C$3),"", IF(AND(UPPER(LEFT($D$4,1))="P", SUBSTITUTE(CELL("address",F7),"$","")=UPPER(LEFT($A$3,1)&(--MID($A$3,2,99)-IF(RIGHT($D$4,1)="1",1,-1))), UPPER(N11)="P"&IF(RIGHT($D$4,1)="1","2","1"), OR(inputsimplified!$K$10="",inputsimplified!$K$10=0)), "", N11))), N11)),N11)} -> p2 | O11: {=IFERROR(IF($C$1,base!G7, IF(($B$4=TRUE), IF(SUBSTITUTE(CELL("address",G7),"$","")=UPPER($A$3),$D$4, IF(SUBSTITUTE(CELL("address",G7),"$","")=UPPER($C$3),"", IF(AND(UPPER(LEFT($D$4,1))="P", SUBSTITUTE(CELL("address",G7),"$","")=UPPER(LEFT($A$3,1)&(--MID($A$3,2,99)-IF(RIGHT($D$4,1)="1",1,-1))), UPPER(O11)="P"&IF(RIGHT($D$4,1)="1","2","1"), OR(inputsimplified!$K$10="",inputsimplified!$K$10=0)), "", O11))), O11)),O11)} -> p2 | P11: {=IFERROR(IF($C$1,base!H7, IF(($B$4=TRUE), IF(SUBSTITUTE(CELL("address",H7),"$","")=UPPER($A$3),$D$4, IF(SUBSTITUTE(CELL("address",H7),"$","")=UPPER($C$3),"", IF(AND(UPPER(LEFT($D$4,1))="P", SUBSTITUTE(CELL("address",H7),"$","")=UPPER(LEFT($A$3,1)&(--MID($A$3,2,99)-IF(RIGHT($D$4,1)="1",1,-1))), UPPER(P11)="P"&IF(RIGHT($D$4,1)="1","2","1"), OR(inputsimplified!$K$10="",inputsimplified!$K$10=0)), "", P11))), P11)),P11)} -> p2
I12: {=IFERROR(IF($C$1,base!A8, IF(IFERROR(_xlfn.IFNA($B$4,FALSE),FALSE)="CASTLE", IF(SUBSTITUTE(CELL("address",A8),"$","")=UPPER($A$3),$D$4, IF(SUBSTITUTE(CELL("address",A8),"$","")=UPPER($C$3),"",IF(NOT(ISERR(FIND("B",UPPER($A$3)))), IF(SUBSTITUTE(CELL("address",A8),"$","")=REPLACE(UPPER($A$3),1,1,"C"),REPLACE(UPPER($D$4),1,1,"r"), IF(SUBSTITUTE(CELL("address",A8),"$","")=REPLACE(UPPER($A$3),1,1,"A"),"",I12)), IF(SUBSTITUTE(CELL("address",A8),"$","")=REPLACE(UPPER($A$3),1,1,"E"),REPLACE(UPPER($D$4),1,1,"r"), IF(SUBSTITUTE(CELL("address",A8),"$","")=REPLACE(UPPER($A$3),1,1,"H"),"",I12))))), IF($C$1,base!A8,IF(IFERROR(_xlfn.IFNA($B$4,FALSE),FALSE),IF(SUBSTITUTE(CELL("address",A8),"$","")=UPPER($A$3),SUBSTITUTE($D$4,"p","q"),IF(SUBSTITUTE(CELL("address",A8),"$","")=UPPER($C$3),"",I12)),I12)))),I12)} -> r2 | J12: {=IFERROR(IF($C$1,base!B8, IF(IFERROR(_xlfn.IFNA($B$4,FALSE),FALSE)="CASTLE", IF(SUBSTITUTE(CELL("address",B8),"$","")=UPPER($A$3),$D$4, IF(SUBSTITUTE(CELL("address",B8),"$","")=UPPER($C$3),"",IF(NOT(ISERR(FIND("B",UPPER($A$3)))), IF(SUBSTITUTE(CELL("address",B8),"$","")=REPLACE(UPPER($A$3),1,1,"C"),REPLACE(UPPER($D$4),1,1,"r"), IF(SUBSTITUTE(CELL("address",B8),"$","")=REPLACE(UPPER($A$3),1,1,"A"),"",J12)), IF(SUBSTITUTE(CELL("address",B8),"$","")=REPLACE(UPPER($A$3),1,1,"E"),REPLACE(UPPER($D$4),1,1,"r"), IF(SUBSTITUTE(CELL("address",B8),"$","")=REPLACE(UPPER($A$3),1,1,"H"),"",J12))))), IF($C$1,base!B8,IF(IFERROR(_xlfn.IFNA($B$4,FALSE),FALSE),IF(SUBSTITUTE(CELL("address",B8),"$","")=UPPER($A$3),SUBSTITUTE($D$4,"p","q"),IF(SUBSTITUTE(CELL("address",B8),"$","")=UPPER($C$3),"",J12)),J12)))),J12)} -> n2 | K12: {=IFERROR(IF($C$1,base!C8, IF(IFERROR(_xlfn.IFNA($B$4,FALSE),FALSE)="CASTLE", IF(SUBSTITUTE(CELL("address",C8),"$","")=UPPER($A$3),$D$4, IF(SUBSTITUTE(CELL("address",C8),"$","")=UPPER($C$3),"",IF(NOT(ISERR(FIND("B",UPPER($A$3)))), IF(SUBSTITUTE(CELL("address",C8),"$","")=REPLACE(UPPER($A$3),1,1,"C"),REPLACE(UPPER($D$4),1,1,"r"), IF(SUBSTITUTE(CELL("address",C8),"$","")=REPLACE(UPPER($A$3),1,1,"A"),"",K12)), IF(SUBSTITUTE(CELL("address",C8),"$","")=REPLACE(UPPER($A$3),1,1,"E"),REPLACE(UPPER($D$4),1,1,"r"), IF(SUBSTITUTE(CELL("address",C8),"$","")=REPLACE(UPPER($A$3),1,1,"H"),"",K12))))), IF($C$1,base!C8,IF(IFERROR(_xlfn.IFNA($B$4,FALSE),FALSE),IF(SUBSTITUTE(CELL("address",C8),"$","")=UPPER($A$3),SUBSTITUTE($D$4,"p","q"),IF(SUBSTITUTE(CELL("address",C8),"$","")=UPPER($C$3),"",K12)),K12)))),K12)} -> b2 | L12: {=IFERROR(IF($C$1,base!D8, IF(IFERROR(_xlfn.IFNA($B$4,FALSE),FALSE)="CASTLE", IF(SUBSTITUTE(CELL("address",D8),"$","")=UPPER($A$3),$D$4, IF(SUBSTITUTE(CELL("address",D8),"$","")=UPPER($C$3),"",IF(NOT(ISERR(FIND("B",UPPER($A$3)))), IF(SUBSTITUTE(CELL("address",D8),"$","")=REPLACE(UPPER($A$3),1,1,"C"),REPLACE(UPPER($D$4),1,1,"r"), IF(SUBSTITUTE(CELL("address",D8),"$","")=REPLACE(UPPER($A$3),1,1,"A"),"",L12)), IF(SUBSTITUTE(CELL("address",D8),"$","")=REPLACE(UPPER($A$3),1,1,"E"),REPLACE(UPPER($D$4),1,1,"r"), IF(SUBSTITUTE(CELL("address",D8),"$","")=REPLACE(UPPER($A$3),1,1,"H"),"",L12))))), IF($C$1,base!D8,IF(IFERROR(_xlfn.IFNA($B$4,FALSE),FALSE),IF(SUBSTITUTE(CELL("address",D8),"$","")=UPPER($A$3),SUBSTITUTE($D$4,"p","q"),IF(SUBSTITUTE(CELL("address",D8),"$","")=UPPER($C$3),"",L12)),L12)))),L12)} -> k2 | M12: {=IFERROR(IF($C$1,base!E8, IF(IFERROR(_xlfn.IFNA($B$4,FALSE),FALSE)="CASTLE", IF(SUBSTITUTE(CELL("address",E8),"$","")=UPPER($A$3),$D$4, IF(SUBSTITUTE(CELL("address",E8),"$","")=UPPER($C$3),"",IF(NOT(ISERR(FIND("B",UPPER($A$3)))), IF(SUBSTITUTE(CELL("address",E8),"$","")=REPLACE(UPPER($A$3),1,1,"C"),REPLACE(UPPER($D$4),1,1,"r"), IF(SUBSTITUTE(CELL("address",E8),"$","")=REPLACE(UPPER($A$3),1,1,"A"),"",M12)), IF(SUBSTITUTE(CELL("address",E8),"$","")=REPLACE(UPPER($A$3),1,1,"E"),REPLACE(UPPER($D$4),1,1,"r"), IF(SUBSTITUTE(CELL("address",E8),"$","")=REPLACE(UPPER($A$3),1,1,"H"),"",M12))))), IF($C$1,base!E8,IF(IFERROR(_xlfn.IFNA($B$4,FALSE),FALSE),IF(SUBSTITUTE(CELL("address",E8),"$","")=UPPER($A$3),SUBSTITUTE($D$4,"p","q"),IF(SUBSTITUTE(CELL("address",E8),"$","")=UPPER($C$3),"",M12)),M12)))),M12)} -> q2 | N12: {=IFERROR(IF($C$1,base!F8, IF(IFERROR(_xlfn.IFNA($B$4,FALSE),FALSE)="CASTLE", IF(SUBSTITUTE(CELL("address",F8),"$","")=UPPER($A$3),$D$4, IF(SUBSTITUTE(CELL("address",F8),"$","")=UPPER($C$3),"",IF(NOT(ISERR(FIND("B",UPPER($A$3)))), IF(SUBSTITUTE(CELL("address",F8),"$","")=REPLACE(UPPER($A$3),1,1,"C"),REPLACE(UPPER($D$4),1,1,"r"), IF(SUBSTITUTE(CELL("address",F8),"$","")=REPLACE(UPPER($A$3),1,1,"A"),"",N12)), IF(SUBSTITUTE(CELL("address",F8),"$","")=REPLACE(UPPER($A$3),1,1,"E"),REPLACE(UPPER($D$4),1,1,"r"), IF(SUBSTITUTE(CELL("address",F8),"$","")=REPLACE(UPPER($A$3),1,1,"H"),"",N12))))), IF($C$1,base!F8,IF(IFERROR(_xlfn.IFNA($B$4,FALSE),FALSE),IF(SUBSTITUTE(CELL("address",F8),"$","")=UPPER($A$3),SUBSTITUTE($D$4,"p","q"),IF(SUBSTITUTE(CELL("address",F8),"$","")=UPPER($C$3),"",N12)),N12)))),N12)} -> b2 | O12: {=IFERROR(IF($C$1,base!G8, IF(IFERROR(_xlfn.IFNA($B$4,FALSE),FALSE)="CASTLE", IF(SUBSTITUTE(CELL("address",G8),"$","")=UPPER($A$3),$D$4, IF(SUBSTITUTE(CELL("address",G8),"$","")=UPPER($C$3),"",IF(NOT(ISERR(FIND("B",UPPER($A$3)))), IF(SUBSTITUTE(CELL("address",G8),"$","")=REPLACE(UPPER($A$3),1,1,"C"),REPLACE(UPPER($D$4),1,1,"r"), IF(SUBSTITUTE(CELL("address",G8),"$","")=REPLACE(UPPER($A$3),1,1,"A"),"",O12)), IF(SUBSTITUTE(CELL("address",G8),"$","")=REPLACE(UPPER($A$3),1,1,"E"),REPLACE(UPPER($D$4),1,1,"r"), IF(SUBSTITUTE(CELL("address",G8),"$","")=REPLACE(UPPER($A$3),1,1,"H"),"",O12))))), IF($C$1,base!G8,IF(IFERROR(_xlfn.IFNA($B$4,FALSE),FALSE),IF(SUBSTITUTE(CELL("address",G8),"$","")=UPPER($A$3),SUBSTITUTE($D$4,"p","q"),IF(SUBSTITUTE(CELL("address",G8),"$","")=UPPER($C$3),"",O12)),O12)))),O12)} -> n2 | P12: {=IFERROR(IF($C$1,base!H8, IF(IFERROR(_xlfn.IFNA($B$4,FALSE),FALSE)="CASTLE", IF(SUBSTITUTE(CELL("address",H8),"$","")=UPPER($A$3),$D$4, IF(SUBSTITUTE(CELL("address",H8),"$","")=UPPER($C$3),"",IF(NOT(ISERR(FIND("B",UPPER($A$3)))), IF(SUBSTITUTE(CELL("address",H8),"$","")=REPLACE(UPPER($A$3),1,1,"C"),REPLACE(UPPER($D$4),1,1,"r"), IF(SUBSTITUTE(CELL("address",H8),"$","")=REPLACE(UPPER($A$3),1,1,"A"),"",P12)), IF(SUBSTITUTE(CELL("address",H8),"$","")=REPLACE(UPPER($A$3),1,1,"E"),REPLACE(UPPER($D$4),1,1,"r"), IF(SUBSTITUTE(CELL("address",H8),"$","")=REPLACE(UPPER($A$3),1,1,"H"),"",P12))))), IF($C$1,base!H8,IF(IFERROR(_xlfn.IFNA($B$4,FALSE),FALSE),IF(SUBSTITUTE(CELL("address",H8),"$","")=UPPER($A$3),SUBSTITUTE($D$4,"p","q"),IF(SUBSTITUTE(CELL("address",H8),"$","")=UPPER($C$3),"",P12)),P12)))),P12)} -> r2
Q14: Moved:
Q15: {=_xlfn.IFNA(IFERROR(IF(OR(B4=TRUE,B4="CASTLE"),IF(OR(OFFSET(INDIRECT(A3), 4, 8)=D4,OFFSET(INDIRECT(A3), 4, 8)=SUBSTITUTE(D4,"p","q")), TRUE, FALSE),FALSE),FALSE),FALSE)} -> FALSE
R16: =IF(C1,1,IF(Q15,IF(R16=1,2,1),R16)) -> 1
S17: =IF(COUNTIF(I5:P12,"k1")=0,"Black Wins",IF(COUNTIF(I5:P12,"k2")=0,"White Wins",""))
S18: White | T18: =IF($C$1,FALSE,IF(T18=TRUE,TRUE,IF(AND($Q$15,IFERROR(FIND("k2",$D$4,1),0)=1),TRUE,FALSE))) -> FALSE
S19: Black | T19: =IF($C$1,FALSE,IF(T19=TRUE,TRUE,IF(AND($Q$15,IFERROR(FIND("k1",$D$4,1),0)=1),TRUE,FALSE))) -> FALSE | U19: Value
T20: =Q15 -> FALSE | U20: =IFERROR(_xlfn.CONCAT(C3,".",A3),"")
V21: =C1 -> TRUE
X23: {=_xlfn.LET(_xlpm.me,livegame!R16,_xlpm.e,TEXT(3-_xlpm.me,"0"),_xlpm.mt,TEXT(_xlpm.me,"0"),_xlpm.ef,IF(3-_xlpm.me=1,1,-1),_xlpm.fwd,IF(_xlpm.me=1,1,-1),_xlpm.st,IF(_xlpm.me=1,2,7),_xlpm.raw,livegame!I5:P12,_xlpm.zcb,_xlfn.MAKEARRAY(8,8,_xlfn.LAMBDA(_xlpm.r,_xlpm.c,_xlfn.LET(_xlpm.v,INDEX(_xlpm.raw,_xlpm.r,_xlpm.c),IF(OR(_xlpm.v="",_xlpm.v=0,_xlpm.v="0"),"",_xlpm.v&"")))),_xlpm.zg0,_xlfn.LAMBDA(_xlpm.r,_xlpm.c,IF(OR(_xlpm.r<1,_xlpm.r>8,_xlpm.c<1,_xlpm.c>8),"##",INDEX(_xlpm.zcb,_xlpm.r,_xlpm.c))),_xlpm.zatt,_xlfn.LAMBDA(_xlpm.bd,_xlpm.tr,_xlpm.tc,_xlfn.LET(_xlpm.g,_xlfn.LAMBDA(_xlpm.r,_xlpm.c,IF(OR(_xlpm.r<1,_xlpm.r>8,_xlpm.c<1,_xlpm.c>8),"##",INDEX(_xlpm.bd,_xlpm.r,_xlpm.c))),_xlpm.kn,(_xlpm.g(_xlpm.tr-2,_xlpm.tc-1)="n"&_xlpm.e)+(_xlpm.g(_xlpm.tr-2,_xlpm.tc+1)="n"&_xlpm.e)+(_xlpm.g(_xlpm.tr-1,_xlpm.tc-2)="n"&_xlpm.e)+(_xlpm.g(_xlpm.tr-1,_xlpm.tc+2)="n"&_xlpm.e)+(_xlpm.g(_xlpm.tr+1,_xlpm.tc-2)="n"&_xlpm.e)+(_xlpm.g(_xlpm.tr+1,_xlpm.tc+2)="n"&_xlpm.e)+(_xlpm.g(_xlpm.tr+2,_xlpm.tc-1)="n"&_xlpm.e)+(_xlpm.g(_xlpm.tr+2,_xlpm.tc+1)="n"&_xlpm.e),_xlpm.kg,(_xlpm.g(_xlpm.tr-1,_xlpm.tc-1)="k"&_xlpm.e)+(_xlpm.g(_xlpm.tr-1,_xlpm.tc)="k"&_xlpm.e)+(_xlpm.g(_xlpm.tr-1,_xlpm.tc+1)="k"&_xlpm.e)+(_xlpm.g(_xlpm.tr,_xlpm.tc-1)="k"&_xlpm.e)+(_xlpm.g(_xlpm.tr,_xlpm.tc+1)="k"&_xlpm.e)+(_xlpm.g(_xlpm.tr+1,_xlpm.tc-1)="k"&_xlpm.e)+(_xlpm.g(_xlpm.tr+1,_xlpm.tc)="k"&_xlpm.e)+(_xlpm.g(_xlpm.tr+1,_xlpm.tc+1)="k"&_xlpm.e),_xlpm.pw,(_xlpm.g(_xlpm.tr-_xlpm.ef,_xlpm.tc-1)="p"&_xlpm.e)+(_xlpm.g(_xlpm.tr-_xlpm.ef,_xlpm.tc+1)="p"&_xlpm.e),_xlpm.rq,"|r"&_xlpm.e&"|q"&_xlpm.e&"|",_xlpm.bq,"|b"&_xlpm.e&"|q"&_xlpm.e&"|",_xlpm.ry,_xlfn.LAMBDA(_xlpm.dr,_xlpm.dc,_xlpm.pp,INDEX(_xlfn.REDUCE(_xlfn.HSTACK(0,0),_xlfn.SEQUENCE(7),_xlfn.LAMBDA(_xlpm.a,_xlpm.k,_xlfn.LET(_xlpm.d,INDEX(_xlpm.a,1,1),_xlpm.rr,_xlpm.tr+_xlpm.dr*_xlpm.k,_xlpm.cc,_xlpm.tc+_xlpm.dc*_xlpm.k,_xlpm.p,_xlpm.g(_xlpm.rr,_xlpm.cc),IF(OR(_xlpm.d=1,_xlpm.p="##"),_xlpm.a,IF(_xlpm.p<>"",_xlfn.HSTACK(1,IF(ISNUMBER(SEARCH("|"&_xlpm.p&"|",_xlpm.pp)),1,0)),_xlpm.a))))),1,2)),_xlpm.sl,_xlpm.ry(-1,0,_xlpm.rq)+_xlpm.ry(1,0,_xlpm.rq)+_xlpm.ry(0,-1,_xlpm.rq)+_xlpm.ry(0,1,_xlpm.rq)+_xlpm.ry(-1,-1,_xlpm.bq)+_xlpm.ry(-1,1,_xlpm.bq)+_xlpm.ry(1,-1,_xlpm.bq)+_xlpm.ry(1,1,_xlpm.bq),(_xlpm.kn+_xlpm.kg+_xlpm.pw+_xlpm.sl)>0)),_xlpm.zbetw,_xlfn.LAMBDA(_xlpm.fr,_xlpm.fc,_xlpm.tr,_xlpm.tc,_xlfn.LET(_xlpm.sr,SIGN(_xlpm.tr-_xlpm.fr),_xlpm.sc,SIGN(_xlpm.tc-_xlpm.fc),_xlpm.d,MAX(ABS(_xlpm.tr-_xlpm.fr),ABS(_xlpm.tc-_xlpm.fc)),IF(_xlpm.d<=1,TRUE,_xlfn.REDUCE(TRUE,_xlfn.SEQUENCE(_xlpm.d-1),_xlfn.LAMBDA(_xlpm.a,_xlpm.k,AND(_xlpm.a,_xlpm.zg0(_xlpm.fr+_xlpm.sr*_xlpm.k,_xlpm.fc+_xlpm.sc*_xlpm.k)="")))))),_xlpm.zpl,_xlfn.LAMBDA(_xlpm.fr,_xlpm.fc,_xlpm.tr,_xlpm.tc,_xlpm.pc,_xlfn.LET(_xlpm.t,LEFT(_xlpm.pc,1),_xlpm.dr,_xlpm.tr-_xlpm.fr,_xlpm.dc,_xlpm.tc-_xlpm.fc,_xlpm.adr,ABS(_xlpm.dr),_xlpm.adc,ABS(_xlpm.dc),_xlpm.tv,_xlpm.zg0(_xlpm.tr,_xlpm.tc),_xlpm.empt,_xlpm.tv="",_xlpm.enemyT,AND(_xlpm.tv<>"",_xlpm.tv<>"##",RIGHT(_xlpm.tv,1)<>_xlpm.mt),_xlpm.landOK,OR(_xlpm.tv="",_xlpm.enemyT),IF(NOT(AND(_xlpm.tr>=1,_xlpm.tr<=8,_xlpm.tc>=1,_xlpm.tc<=8)),FALSE,IF(_xlpm.t="p",OR(AND(_xlpm.dc=0,_xlpm.dr=_xlpm.fwd,_xlpm.empt),AND(_xlpm.dc=0,_xlpm.dr=2*_xlpm.fwd,_xlpm.fr=_xlpm.st,_xlpm.empt,_xlpm.zg0(_xlpm.fr+_xlpm.fwd,_xlpm.fc)=""),AND(_xlpm.adc=1,_xlpm.dr=_xlpm.fwd,_xlpm.enemyT)),IF(_xlpm.t="n",AND(OR(AND(_xlpm.adr=2,_xlpm.adc=1),AND(_xlpm.adr=1,_xlpm.adc=2)),_xlpm.landOK),IF(_xlpm.t="k",AND(_xlpm.adr<=1,_xlpm.adc<=1,_xlpm.adr+_xlpm.adc>0,_xlpm.landOK),IF(_xlpm.t="r",AND(OR(_xlpm.dr=0,_xlpm.dc=0),_xlpm.adr+_xlpm.adc>0,_xlpm.landOK,_xlpm.zbetw(_xlpm.fr,_xlpm.fc,_xlpm.tr,_xlpm.tc)),IF(_xlpm.t="b",AND(_xlpm.adr=_xlpm.adc,_xlpm.adr>0,_xlpm.landOK,_xlpm.zbetw(_xlpm.fr,_xlpm.fc,_xlpm.tr,_xlpm.tc)),IF(_xlpm.t="q",AND(OR(_xlpm.dr=0,_xlpm.dc=0,_xlpm.adr=_xlpm.adc),_xlpm.adr+_xlpm.adc>0,_xlpm.landOK,_xlpm.zbetw(_xlpm.fr,_xlpm.fc,_xlpm.tr,_xlpm.tc)),FALSE))))))))),_xlpm.kloc,MAX(_xlfn.MAKEARRAY(8,8,_xlfn.LAMBDA(_xlpm.r,_xlpm.c,IF(INDEX(_xlpm.zcb,_xlpm.r,_xlpm.c)="k"&_xlpm.mt,_xlpm.r*10+_xlpm.c,0)))),_xlpm.kr0,INT(_xlpm.kloc/10),_xlpm.kc0,MOD(_xlpm.kloc,10),_xlpm.inChk,_xlpm.zatt(_xlpm.zcb,_xlpm.kr0,_xlpm.kc0),_xlpm.found,_xlfn.REDUCE(FALSE,_xlfn.SEQUENCE(64),_xlfn.LAMBDA(_xlpm.acu,_xlpm.i,IF(_xlpm.acu,TRUE,_xlfn.LET(_xlpm.fr,INT((_xlpm.i-1)/8)+1,_xlpm.fc,MOD(_xlpm.i-1,8)+1,_xlpm.pc,_xlpm.zg0(_xlpm.fr,_xlpm.fc),IF(OR(_xlpm.pc="",RIGHT(_xlpm.pc,1)<>_xlpm.mt),_xlpm.acu,_xlfn.REDUCE(_xlpm.acu,_xlfn.SEQUENCE(64),_xlfn.LAMBDA(_xlpm.acv,_xlpm.j,IF(_xlpm.acv,TRUE,_xlfn.LET(_xlpm.tr,INT((_xlpm.j-1)/8)+1,_xlpm.tc,MOD(_xlpm.j-1,8)+1,IF(_xlpm.zpl(_xlpm.fr,_xlpm.fc,_xlpm.tr,_xlpm.tc,_xlpm.pc),_xlfn.LET(_xlpm.kpr,IF(LEFT(_xlpm.pc,1)="k",_xlpm.tr,_xlpm.kr0),_xlpm.kpc,IF(LEFT(_xlpm.pc,1)="k",_xlpm.tc,_xlpm.kc0),_xlpm.simB,_xlfn.MAKEARRAY(8,8,_xlfn.LAMBDA(_xlpm.rr,_xlpm.cc,IF(AND(_xlpm.rr=_xlpm.fr,_xlpm.cc=_xlpm.fc),"",IF(AND(_xlpm.rr=_xlpm.tr,_xlpm.cc=_xlpm.tc),_xlpm.pc,INDEX(_xlpm.zcb,_xlpm.rr,_xlpm.cc))))),IF(_xlpm.zatt(_xlpm.simB,_xlpm.kpr,_xlpm.kpc),_xlpm.acv,TRUE)),_xlpm.acv)))))))))),IF(_xlpm.found,"",IF(_xlpm.inChk,IF(_xlpm.me=1,"Black wins","White wins"),"Stalemate")))}

Sheet Logs
A1: LOGS | B1: x
A2: =IF(livegame!$V$21,"",IF(A2<>"",A2,IF(AND(livegame!$T$20,livegame!$U$20<>"",B2="",B1<>""),livegame!$U$20,""))) | B2: =IF(livegame!$V$21,"",IF(livegame!$T$20,B2,A2))
A3: =IF(livegame!$V$21,"",IF(A3<>"",A3,IF(AND(livegame!$T$20,livegame!$U$20<>"",B3="",B2<>""),livegame!$U$20,""))) | B3: =IF(livegame!$V$21,"",IF(livegame!$T$20,B3,A3))
A4: =IF(livegame!$V$21,"",IF(A4<>"",A4,IF(AND(livegame!$T$20,livegame!$U$20<>"",B4="",B3<>""),livegame!$U$20,""))) | B4: =IF(livegame!$V$21,"",IF(livegame!$T$20,B4,A4)) | D4: . Means to
A5: =IF(livegame!$V$21,"",IF(A5<>"",A5,IF(AND(livegame!$T$20,livegame!$U$20<>"",B5="",B4<>""),livegame!$U$20,""))) | B5: =IF(livegame!$V$21,"",IF(livegame!$T$20,B5,A5))
A6: =IF(livegame!$V$21,"",IF(A6<>"",A6,IF(AND(livegame!$T$20,livegame!$U$20<>"",B6="",B5<>""),livegame!$U$20,""))) | B6: =IF(livegame!$V$21,"",IF(livegame!$T$20,B6,A6))
A7: =IF(livegame!$V$21,"",IF(A7<>"",A7,IF(AND(livegame!$T$20,livegame!$U$20<>"",B7="",B6<>""),livegame!$U$20,""))) | B7: =IF(livegame!$V$21,"",IF(livegame!$T$20,B7,A7))
A8: =IF(livegame!$V$21,"",IF(A8<>"",A8,IF(AND(livegame!$T$20,livegame!$U$20<>"",B8="",B7<>""),livegame!$U$20,""))) | B8: =IF(livegame!$V$21,"",IF(livegame!$T$20,B8,A8))
A9: =IF(livegame!$V$21,"",IF(A9<>"",A9,IF(AND(livegame!$T$20,livegame!$U$20<>"",B9="",B8<>""),livegame!$U$20,""))) | B9: =IF(livegame!$V$21,"",IF(livegame!$T$20,B9,A9))
A10: =IF(livegame!$V$21,"",IF(A10<>"",A10,IF(AND(livegame!$T$20,livegame!$U$20<>"",B10="",B9<>""),livegame!$U$20,""))) | B10: =IF(livegame!$V$21,"",IF(livegame!$T$20,B10,A10))
A11: =IF(livegame!$V$21,"",IF(A11<>"",A11,IF(AND(livegame!$T$20,livegame!$U$20<>"",B11="",B10<>""),livegame!$U$20,""))) | B11: =IF(livegame!$V$21,"",IF(livegame!$T$20,B11,A11))
A12: =IF(livegame!$V$21,"",IF(A12<>"",A12,IF(AND(livegame!$T$20,livegame!$U$20<>"",B12="",B11<>""),livegame!$U$20,""))) | B12: =IF(livegame!$V$21,"",IF(livegame!$T$20,B12,A12))
A13: =IF(livegame!$V$21,"",IF(A13<>"",A13,IF(AND(livegame!$T$20,livegame!$U$20<>"",B13="",B12<>""),livegame!$U$20,""))) | B13: =IF(livegame!$V$21,"",IF(livegame!$T$20,B13,A13))
A14: =IF(livegame!$V$21,"",IF(A14<>"",A14,IF(AND(livegame!$T$20,livegame!$U$20<>"",B14="",B13<>""),livegame!$U$20,""))) | B14: =IF(livegame!$V$21,"",IF(livegame!$T$20,B14,A14))
A15: =IF(livegame!$V$21,"",IF(A15<>"",A15,IF(AND(livegame!$T$20,livegame!$U$20<>"",B15="",B14<>""),livegame!$U$20,""))) | B15: =IF(livegame!$V$21,"",IF(livegame!$T$20,B15,A15))
A16: =IF(livegame!$V$21,"",IF(A16<>"",A16,IF(AND(livegame!$T$20,livegame!$U$20<>"",B16="",B15<>""),livegame!$U$20,""))) | B16: =IF(livegame!$V$21,"",IF(livegame!$T$20,B16,A16))
... A1759: =IF(livegame!$V$21,"",IF(A1759<>"",A1759,IF(AND(livegame!$T$20,livegame!$U$20<>"",B1759="",B1758<>""),livegame!$U$20,""))) | B1759: =IF(livegame!$V$21,"",IF(livegame!$T$20,B1759,A1759))

Sheet base
A1: r1 | B1: n1 | C1: b1 | D1: k1 | E1: q1 | F1: b1 | G1: n1 | H1: r1 | I1: 1 | J1: white
A2: p1 | B2: p1 | C2: p1 | D2: p1 | E2: p1 | F2: p1 | G2: p1 | H2: p1
A7: p2 | B7: p2 | C7: p2 | D7: p2 | E7: p2 | F7: p2 | G7: p2 | H7: p2
A8: r2 | B8: n2 | C8: b2 | D8: k2 | E8: q2 | F8: b2 | G8: n2 | H8: r2

Sheet Sheet5
I17: Shhhh. You shouldn’t be here…

Sheet Engine
A1: CHESS ENGINE / working sheet | K1: Side to move | L1: =livegame!R16 | M1: Engine plays | N1: =IFERROR(UPPER(Coach!$C$20),"OFF")
A2: Nothing here needs touching. Read the Coach tab instead. | K2: Colour | L2: =IF(L1=1,"White","Black") | M2: bot side (1=W 2=B) | N2: =IF($N$1="BLACK",2,IF($N$1="WHITE",1,0))
K3: Engine on | L3: =OR(UPPER(Coach!$C$18)="ON",Coach!$C$18="") | M3: from | N3: =IFERROR(IF($N$9=0,"",xSQ($N$9,$N$10)),"")
K4: Candidates kept | L4: =IFERROR(MAX(2,MIN(16,VALUE(Coach!$C$19))),8) | M4: to | N4: =IFERROR(IF($N$11=0,"",xSQ($N$11,$N$12)),"")
M5: piece | N5: =IFERROR(IF($N$9=0,"",INDEX($B$10:$I$17,$N$9,$N$10)),"")
K6: Stage 1 candidate list | L6: =_xlfn.LET(_xlpm.on,$L$3,_xlpm.n,$L$4,_xlpm.bd,$B$10:$I$17,_xlpm.sd,TEXT($L$1,"0"),IF(NOT(_xlpm.on),"",_xlfn.LET(_xlpm.g,xGEN(_xlpm.bd,_xlpm.sd),_xlpm.ky,_xlfn.CHOOSECOLS(_xlpm.g,1),_xlpm.nm,ROWS(_xlpm.ky)-1,_xlfn.REDUCE("",_xlfn.SEQUENCE(_xlpm.n),_xlfn.LAMBDA(_xlpm.a,_xlpm.k,IF(_xlpm.k>_xlpm.nm,_xlpm.a,_xlfn.LET(_xlpm.v,LARGE(_xlpm.ky,_xlpm.k),IF(_xlpm.v<=-900000000,_xlpm.a,_xlfn.LET(_xlpm.i,MATCH(_xlpm.v,_xlpm.ky,0),_xlpm.a&INDEX(_xlpm.g,_xlpm.i,3)&INDEX(_xlpm.g,_xlpm.i,4)&INDEX(_xlpm.g,_xlpm.i,5)&INDEX(_xlpm.g,_xlpm.i,6)))))))))) | M6: bot to move now | N6: =IFERROR(AND($N$2>0,livegame!$R$16=$N$2,$L$1=$N$2,RIGHT($N$5,1)=TEXT($N$2,"0"),livegame!$C$1<>TRUE,livegame!$S$17="",$N$3<>"",$N$4<>"",$N$5<>"",$N$7,$N$8),FALSE)
A7: Board mirror of livegame!I5:P12 | K7: Stage 2 2-ply ranked | L7: =_xlfn.LET(_xlpm.s,$L$6,_xlpm.bd,$B$10:$I$17,_xlpm.sd,TEXT($L$1,"0"),_xlpm.et,IF(_xlpm.sd="1","2","1"),_xlpm.sg,IF(_xlpm.sd="1",1,-1),_xlpm.n,INT(LEN(_xlpm.s)/4),IF(_xlpm.n=0,"",_xlfn.LET(_xlpm.rc,_xlfn.REDUCE("",_xlfn.SEQUENCE(_xlpm.n),_xlfn.LAMBDA(_xlpm.a,_xlpm.k,_xlfn.LET(_xlpm.fr,VALUE(MID(_xlpm.s,(_xlpm.k-1)*4+1,1)),_xlpm.fc,VALUE(MID(_xlpm.s,(_xlpm.k-1)*4+2,1)),_xlpm.tr,VALUE(MID(_xlpm.s,(_xlpm.k-1)*4+3,1)),_xlpm.tc,VALUE(MID(_xlpm.s,(_xlpm.k-1)*4+4,1)),_xlpm.hd,_xlpm.fr&_xlpm.fc&_xlpm.tr&_xlpm.tc,_xlpm.sm,xSIM(_xlpm.bd,_xlpm.fr,_xlpm.fc,_xlpm.tr,_xlpm.tc),_xlpm.ek,xKLOC(_xlpm.sm,_xlpm.et),IF(_xlpm.ek=0,_xlpm.a&_xlpm.hd&"100"&TEXT(700000,"0000000"),_xlfn.LET(_xlpm.ch,IF(xATT(_xlpm.sm,INT(_xlpm.ek/10),MOD(_xlpm.ek,10),_xlpm.sd),1,0),_xlpm.g,xGEN(_xlpm.sm,_xlpm.et),IF(ROWS(_xlpm.g)=1,_xlpm.a&_xlpm.hd&_xlpm.ch&IF(_xlpm.ch=1,"10","01")&TEXT(IF(_xlpm.ch=1,600000,500000),"0000000"),_xlfn.LET(_xlpm.gg,_xlfn.DROP(_xlpm.g,1),_xlpm.s2,MIN(_xlpm.sg*_xlfn.CHOOSECOLS(_xlpm.gg,8)+_xlfn.CHOOSECOLS(_xlpm.gg,7)),_xlpm.a&_xlpm.hd&_xlpm.ch&"00"&TEXT(ROUND(_xlpm.s2,0)+500000,"0000000")))))))),_xlpm.ar,_xlfn.MAKEARRAY(_xlpm.n,1,_xlfn.LAMBDA(_xlpm.k,_xlpm.c,VALUE(MID(_xlpm.rc,(_xlpm.k-1)*14+8,7))*100+(_xlpm.n-_xlpm.k))),_xlfn.REDUCE("",_xlfn.SEQUENCE(MIN(6,_xlpm.n)),_xlfn.LAMBDA(_xlpm.a,_xlpm.k,_xlfn.LET(_xlpm.v,LARGE(_xlpm.ar,_xlpm.k),_xlpm.i,MATCH(_xlpm.v,_xlpm.ar,0),_xlpm.a&MID(_xlpm.rc,(_xlpm.i-1)*14+1,14))))))) | M7: legal on live board | N7: =TRUE
A8: row 1 = White back rank, col 1 = file A | M8: king safe after | N8: =IFERROR(IF($N$9=0,FALSE,_xlfn.LET(_xlpm.sm,xSIM($B$10:$I$17,$N$9,$N$10,$N$11,$N$12),_xlpm.kl,xKLOC(_xlpm.sm,TEXT($N$2,"0")),IF(_xlpm.kl=0,FALSE,NOT(xATT(_xlpm.sm,INT(_xlpm.kl/10),MOD(_xlpm.kl,10),TEXT(3-$N$2,"0")))))),FALSE)
N9: =IFERROR(IF(LEN($L$6)<4,0,VALUE(MID($L$6,1,1))),0)
B10: =IF(OR(livegame!I5="",livegame!I5=0),"",livegame!I5&"") | C10: =IF(OR(livegame!J5="",livegame!J5=0),"",livegame!J5&"") | D10: =IF(OR(livegame!K5="",livegame!K5=0),"",livegame!K5&"") | E10: =IF(OR(livegame!L5="",livegame!L5=0),"",livegame!L5&"") | F10: =IF(OR(livegame!M5="",livegame!M5=0),"",livegame!M5&"") | G10: =IF(OR(livegame!N5="",livegame!N5=0),"",livegame!N5&"") | H10: =IF(OR(livegame!O5="",livegame!O5=0),"",livegame!O5&"") | I10: =IF(OR(livegame!P5="",livegame!P5=0),"",livegame!P5&"") | N10: =IFERROR(IF(LEN($L$6)<4,0,VALUE(MID($L$6,2,1))),0)
B11: =IF(OR(livegame!I6="",livegame!I6=0),"",livegame!I6&"") | C11: =IF(OR(livegame!J6="",livegame!J6=0),"",livegame!J6&"") | D11: =IF(OR(livegame!K6="",livegame!K6=0),"",livegame!K6&"") | E11: =IF(OR(livegame!L6="",livegame!L6=0),"",livegame!L6&"") | F11: =IF(OR(livegame!M6="",livegame!M6=0),"",livegame!M6&"") | G11: =IF(OR(livegame!N6="",livegame!N6=0),"",livegame!N6&"") | H11: =IF(OR(livegame!O6="",livegame!O6=0),"",livegame!O6&"") | I11: =IF(OR(livegame!P6="",livegame!P6=0),"",livegame!P6&"") | N11: =IFERROR(IF(LEN($L$6)<4,0,VALUE(MID($L$6,3,1))),0)
B12: =IF(OR(livegame!I7="",livegame!I7=0),"",livegame!I7&"") | C12: =IF(OR(livegame!J7="",livegame!J7=0),"",livegame!J7&"") | D12: =IF(OR(livegame!K7="",livegame!K7=0),"",livegame!K7&"") | E12: =IF(OR(livegame!L7="",livegame!L7=0),"",livegame!L7&"") | F12: =IF(OR(livegame!M7="",livegame!M7=0),"",livegame!M7&"") | G12: =IF(OR(livegame!N7="",livegame!N7=0),"",livegame!N7&"") | H12: =IF(OR(livegame!O7="",livegame!O7=0),"",livegame!O7&"") | I12: =IF(OR(livegame!P7="",livegame!P7=0),"",livegame!P7&"") | N12: =IFERROR(IF(LEN($L$6)<4,0,VALUE(MID($L$6,4,1))),0)
B13: =IF(OR(livegame!I8="",livegame!I8=0),"",livegame!I8&"") | C13: =IF(OR(livegame!J8="",livegame!J8=0),"",livegame!J8&"") | D13: =IF(OR(livegame!K8="",livegame!K8=0),"",livegame!K8&"") | E13: =IF(OR(livegame!L8="",livegame!L8=0),"",livegame!L8&"") | F13: =IF(OR(livegame!M8="",livegame!M8=0),"",livegame!M8&"") | G13: =IF(OR(livegame!N8="",livegame!N8=0),"",livegame!N8&"") | H13: =IF(OR(livegame!O8="",livegame!O8=0),"",livegame!O8&"") | I13: =IF(OR(livegame!P8="",livegame!P8=0),"",livegame!P8&"")
B14: =IF(OR(livegame!I9="",livegame!I9=0),"",livegame!I9&"") | C14: =IF(OR(livegame!J9="",livegame!J9=0),"",livegame!J9&"") | D14: =IF(OR(livegame!K9="",livegame!K9=0),"",livegame!K9&"") | E14: =IF(OR(livegame!L9="",livegame!L9=0),"",livegame!L9&"") | F14: =IF(OR(livegame!M9="",livegame!M9=0),"",livegame!M9&"") | G14: =IF(OR(livegame!N9="",livegame!N9=0),"",livegame!N9&"") | H14: =IF(OR(livegame!O9="",livegame!O9=0),"",livegame!O9&"") | I14: =IF(OR(livegame!P9="",livegame!P9=0),"",livegame!P9&"")
B15: =IF(OR(livegame!I10="",livegame!I10=0),"",livegame!I10&"") | C15: =IF(OR(livegame!J10="",livegame!J10=0),"",livegame!J10&"") | D15: =IF(OR(livegame!K10="",livegame!K10=0),"",livegame!K10&"") | E15: =IF(OR(livegame!L10="",livegame!L10=0),"",livegame!L10&"") | F15: =IF(OR(livegame!M10="",livegame!M10=0),"",livegame!M10&"") | G15: =IF(OR(livegame!N10="",livegame!N10=0),"",livegame!N10&"") | H15: =IF(OR(livegame!O10="",livegame!O10=0),"",livegame!O10&"") | I15: =IF(OR(livegame!P10="",livegame!P10=0),"",livegame!P10&"")
B16: =IF(OR(livegame!I11="",livegame!I11=0),"",livegame!I11&"") | C16: =IF(OR(livegame!J11="",livegame!J11=0),"",livegame!J11&"") | D16: =IF(OR(livegame!K11="",livegame!K11=0),"",livegame!K11&"") | E16: =IF(OR(livegame!L11="",livegame!L11=0),"",livegame!L11&"") | F16: =IF(OR(livegame!M11="",livegame!M11=0),"",livegame!M11&"") | G16: =IF(OR(livegame!N11="",livegame!N11=0),"",livegame!N11&"") | H16: =IF(OR(livegame!O11="",livegame!O11=0),"",livegame!O11&"") | I16: =IF(OR(livegame!P11="",livegame!P11=0),"",livegame!P11&"")
B17: =IF(OR(livegame!I12="",livegame!I12=0),"",livegame!I12&"") | C17: =IF(OR(livegame!J12="",livegame!J12=0),"",livegame!J12&"") | D17: =IF(OR(livegame!K12="",livegame!K12=0),"",livegame!K12&"") | E17: =IF(OR(livegame!L12="",livegame!L12=0),"",livegame!L12&"") | F17: =IF(OR(livegame!M12="",livegame!M12=0),"",livegame!M12&"") | G17: =IF(OR(livegame!N12="",livegame!N12=0),"",livegame!N12&"") | H17: =IF(OR(livegame!O12="",livegame!O12=0),"",livegame!O12&"") | I17: =IF(OR(livegame!P12="",livegame!P12=0),"",livegame!P12&"")
A19: Ranked moves
A20: # | B20: record | C20: from | D20: to | E20: piece | F20: glyph | G20: eval | H20: type | I20: why
A21: 1 | B21: =IF(LEN($L$7)>=$A21*14,MID($L$7,($A21-1)*14+1,14),"") | C21: =IF($B21="","",xSQ(VALUE(MID($B21,1,1)),VALUE(MID($B21,2,1)))) | D21: =IF($B21="","",xSQ(VALUE(MID($B21,3,1)),VALUE(MID($B21,4,1)))) | E21: =IF($B21="","",xPN(INDEX($B$10:$I$17,VALUE(MID($B21,1,1)),VALUE(MID($B21,2,1))))) | F21: =IF($B21="","",xGLY(INDEX($B$10:$I$17,VALUE(MID($B21,1,1)),VALUE(MID($B21,2,1))))) | G21: =IF($B21="","",(VALUE(MID($B21,8,7))-500000)/100) | H21: =IF($B21="","",IF(MID($B21,6,1)="1","Checkmate",IF(MID($B21,7,1)="1","Stalemate",IF(MID($B21,5,1)="1","Check",IF(INDEX($B$10:$I$17,VALUE(MID($B21,3,1)),VALUE(MID($B21,4,1)))<>"","Capture","Quiet"))))) | I21: =IF($B21="","",_xlfn.LET(_xlpm.fr,VALUE(MID($B21,1,1)),_xlpm.fc,VALUE(MID($B21,2,1)),_xlpm.tr,VALUE(MID($B21,3,1)),_xlpm.tc,VALUE(MID($B21,4,1)),_xlpm.pc,INDEX($B$10:$I$17,_xlpm.fr,_xlpm.fc),_xlpm.cp,INDEX($B$10:$I$17,_xlpm.tr,_xlpm.tc),_xlpm.ch,MID($B21,5,1)="1",_xlpm.mt,MID($B21,6,1)="1",_xlpm.st,MID($B21,7,1)="1",_xlpm.nm,xPN(_xlpm.pc),_xlpm.esc,xHANG($B$10:$I$17,_xlpm.fr,_xlpm.fc)>0,_xlpm.ck,IF(_xlpm.ch," with check",""),IF(_xlpm.mt,"Checkmate. "&_xlpm.nm&" to "&$D21&" and there is no legal reply.",IF(_xlpm.st,"Stalemate. Throws the position away, pick another move.",IF(_xlpm.cp<>"",_xlpm.nm&" takes the "&xPN(_xlpm.cp)&" on "&$D21&_xlpm.ck&".",IF(_xlpm.esc,_xlpm.nm&" escapes "&$C21&", where it can be taken, and goes to "&$D21&_xlpm.ck&".",IF(_xlpm.ch,_xlpm.nm&" "&$C21&" to "&$D21&" gives check.",_xlpm.nm&" "&$C21&" to "&$D21&".")))))))
A22: 2 | B22: =IF(LEN($L$7)>=$A22*14,MID($L$7,($A22-1)*14+1,14),"") | C22: =IF($B22="","",xSQ(VALUE(MID($B22,1,1)),VALUE(MID($B22,2,1)))) | D22: =IF($B22="","",xSQ(VALUE(MID($B22,3,1)),VALUE(MID($B22,4,1)))) | E22: =IF($B22="","",xPN(INDEX($B$10:$I$17,VALUE(MID($B22,1,1)),VALUE(MID($B22,2,1))))) | F22: =IF($B22="","",xGLY(INDEX($B$10:$I$17,VALUE(MID($B22,1,1)),VALUE(MID($B22,2,1))))) | G22: =IF($B22="","",(VALUE(MID($B22,8,7))-500000)/100) | H22: =IF($B22="","",IF(MID($B22,6,1)="1","Checkmate",IF(MID($B22,7,1)="1","Stalemate",IF(MID($B22,5,1)="1","Check",IF(INDEX($B$10:$I$17,VALUE(MID($B22,3,1)),VALUE(MID($B22,4,1)))<>"","Capture","Quiet"))))) | I22: =IF($B22="","",_xlfn.LET(_xlpm.fr,VALUE(MID($B22,1,1)),_xlpm.fc,VALUE(MID($B22,2,1)),_xlpm.tr,VALUE(MID($B22,3,1)),_xlpm.tc,VALUE(MID($B22,4,1)),_xlpm.pc,INDEX($B$10:$I$17,_xlpm.fr,_xlpm.fc),_xlpm.cp,INDEX($B$10:$I$17,_xlpm.tr,_xlpm.tc),_xlpm.ch,MID($B22,5,1)="1",_xlpm.mt,MID($B22,6,1)="1",_xlpm.st,MID($B22,7,1)="1",_xlpm.nm,xPN(_xlpm.pc),_xlpm.esc,xHANG($B$10:$I$17,_xlpm.fr,_xlpm.fc)>0,_xlpm.ck,IF(_xlpm.ch," with check",""),IF(_xlpm.mt,"Checkmate. "&_xlpm.nm&" to "&$D22&" and there is no legal reply.",IF(_xlpm.st,"Stalemate. Throws the position away, pick another move.",IF(_xlpm.cp<>"",_xlpm.nm&" takes the "&xPN(_xlpm.cp)&" on "&$D22&_xlpm.ck&".",IF(_xlpm.esc,_xlpm.nm&" escapes "&$C22&", where it can be taken, and goes to "&$D22&_xlpm.ck&".",IF(_xlpm.ch,_xlpm.nm&" "&$C22&" to "&$D22&" gives check.",_xlpm.nm&" "&$C22&" to "&$D22&".")))))))
A23: 3 | B23: =IF(LEN($L$7)>=$A23*14,MID($L$7,($A23-1)*14+1,14),"") | C23: =IF($B23="","",xSQ(VALUE(MID($B23,1,1)),VALUE(MID($B23,2,1)))) | D23: =IF($B23="","",xSQ(VALUE(MID($B23,3,1)),VALUE(MID($B23,4,1)))) | E23: =IF($B23="","",xPN(INDEX($B$10:$I$17,VALUE(MID($B23,1,1)),VALUE(MID($B23,2,1))))) | F23: =IF($B23="","",xGLY(INDEX($B$10:$I$17,VALUE(MID($B23,1,1)),VALUE(MID($B23,2,1))))) | G23: =IF($B23="","",(VALUE(MID($B23,8,7))-500000)/100) | H23: =IF($B23="","",IF(MID($B23,6,1)="1","Checkmate",IF(MID($B23,7,1)="1","Stalemate",IF(MID($B23,5,1)="1","Check",IF(INDEX($B$10:$I$17,VALUE(MID($B23,3,1)),VALUE(MID($B23,4,1)))<>"","Capture","Quiet"))))) | I23: =IF($B23="","",_xlfn.LET(_xlpm.fr,VALUE(MID($B23,1,1)),_xlpm.fc,VALUE(MID($B23,2,1)),_xlpm.tr,VALUE(MID($B23,3,1)),_xlpm.tc,VALUE(MID($B23,4,1)),_xlpm.pc,INDEX($B$10:$I$17,_xlpm.fr,_xlpm.fc),_xlpm.cp,INDEX($B$10:$I$17,_xlpm.tr,_xlpm.tc),_xlpm.ch,MID($B23,5,1)="1",_xlpm.mt,MID($B23,6,1)="1",_xlpm.st,MID($B23,7,1)="1",_xlpm.nm,xPN(_xlpm.pc),_xlpm.esc,xHANG($B$10:$I$17,_xlpm.fr,_xlpm.fc)>0,_xlpm.ck,IF(_xlpm.ch," with check",""),IF(_xlpm.mt,"Checkmate. "&_xlpm.nm&" to "&$D23&" and there is no legal reply.",IF(_xlpm.st,"Stalemate. Throws the position away, pick another move.",IF(_xlpm.cp<>"",_xlpm.nm&" takes the "&xPN(_xlpm.cp)&" on "&$D23&_xlpm.ck&".",IF(_xlpm.esc,_xlpm.nm&" escapes "&$C23&", where it can be taken, and goes to "&$D23&_xlpm.ck&".",IF(_xlpm.ch,_xlpm.nm&" "&$C23&" to "&$D23&" gives check.",_xlpm.nm&" "&$C23&" to "&$D23&".")))))))
A24: 4 | B24: =IF(LEN($L$7)>=$A24*14,MID($L$7,($A24-1)*14+1,14),"") | C24: =IF($B24="","",xSQ(VALUE(MID($B24,1,1)),VALUE(MID($B24,2,1)))) | D24: =IF($B24="","",xSQ(VALUE(MID($B24,3,1)),VALUE(MID($B24,4,1)))) | E24: =IF($B24="","",xPN(INDEX($B$10:$I$17,VALUE(MID($B24,1,1)),VALUE(MID($B24,2,1))))) | F24: =IF($B24="","",xGLY(INDEX($B$10:$I$17,VALUE(MID($B24,1,1)),VALUE(MID($B24,2,1))))) | G24: =IF($B24="","",(VALUE(MID($B24,8,7))-500000)/100) | H24: =IF($B24="","",IF(MID($B24,6,1)="1","Checkmate",IF(MID($B24,7,1)="1","Stalemate",IF(MID($B24,5,1)="1","Check",IF(INDEX($B$10:$I$17,VALUE(MID($B24,3,1)),VALUE(MID($B24,4,1)))<>"","Capture","Quiet"))))) | I24: =IF($B24="","",_xlfn.LET(_xlpm.fr,VALUE(MID($B24,1,1)),_xlpm.fc,VALUE(MID($B24,2,1)),_xlpm.tr,VALUE(MID($B24,3,1)),_xlpm.tc,VALUE(MID($B24,4,1)),_xlpm.pc,INDEX($B$10:$I$17,_xlpm.fr,_xlpm.fc),_xlpm.cp,INDEX($B$10:$I$17,_xlpm.tr,_xlpm.tc),_xlpm.ch,MID($B24,5,1)="1",_xlpm.mt,MID($B24,6,1)="1",_xlpm.st,MID($B24,7,1)="1",_xlpm.nm,xPN(_xlpm.pc),_xlpm.esc,xHANG($B$10:$I$17,_xlpm.fr,_xlpm.fc)>0,_xlpm.ck,IF(_xlpm.ch," with check",""),IF(_xlpm.mt,"Checkmate. "&_xlpm.nm&" to "&$D24&" and there is no legal reply.",IF(_xlpm.st,"Stalemate. Throws the position away, pick another move.",IF(_xlpm.cp<>"",_xlpm.nm&" takes the "&xPN(_xlpm.cp)&" on "&$D24&_xlpm.ck&".",IF(_xlpm.esc,_xlpm.nm&" escapes "&$C24&", where it can be taken, and goes to "&$D24&_xlpm.ck&".",IF(_xlpm.ch,_xlpm.nm&" "&$C24&" to "&$D24&" gives check.",_xlpm.nm&" "&$C24&" to "&$D24&".")))))))
A25: 5 | B25: =IF(LEN($L$7)>=$A25*14,MID($L$7,($A25-1)*14+1,14),"") | C25: =IF($B25="","",xSQ(VALUE(MID($B25,1,1)),VALUE(MID($B25,2,1)))) | D25: =IF($B25="","",xSQ(VALUE(MID($B25,3,1)),VALUE(MID($B25,4,1)))) | E25: =IF($B25="","",xPN(INDEX($B$10:$I$17,VALUE(MID($B25,1,1)),VALUE(MID($B25,2,1))))) | F25: =IF($B25="","",xGLY(INDEX($B$10:$I$17,VALUE(MID($B25,1,1)),VALUE(MID($B25,2,1))))) | G25: =IF($B25="","",(VALUE(MID($B25,8,7))-500000)/100) | H25: =IF($B25="","",IF(MID($B25,6,1)="1","Checkmate",IF(MID($B25,7,1)="1","Stalemate",IF(MID($B25,5,1)="1","Check",IF(INDEX($B$10:$I$17,VALUE(MID($B25,3,1)),VALUE(MID($B25,4,1)))<>"","Capture","Quiet"))))) | I25: =IF($B25="","",_xlfn.LET(_xlpm.fr,VALUE(MID($B25,1,1)),_xlpm.fc,VALUE(MID($B25,2,1)),_xlpm.tr,VALUE(MID($B25,3,1)),_xlpm.tc,VALUE(MID($B25,4,1)),_xlpm.pc,INDEX($B$10:$I$17,_xlpm.fr,_xlpm.fc),_xlpm.cp,INDEX($B$10:$I$17,_xlpm.tr,_xlpm.tc),_xlpm.ch,MID($B25,5,1)="1",_xlpm.mt,MID($B25,6,1)="1",_xlpm.st,MID($B25,7,1)="1",_xlpm.nm,xPN(_xlpm.pc),_xlpm.esc,xHANG($B$10:$I$17,_xlpm.fr,_xlpm.fc)>0,_xlpm.ck,IF(_xlpm.ch," with check",""),IF(_xlpm.mt,"Checkmate. "&_xlpm.nm&" to "&$D25&" and there is no legal reply.",IF(_xlpm.st,"Stalemate. Throws the position away, pick another move.",IF(_xlpm.cp<>"",_xlpm.nm&" takes the "&xPN(_xlpm.cp)&" on "&$D25&_xlpm.ck&".",IF(_xlpm.esc,_xlpm.nm&" escapes "&$C25&", where it can be taken, and goes to "&$D25&_xlpm.ck&".",IF(_xlpm.ch,_xlpm.nm&" "&$C25&" to "&$D25&" gives check.",_xlpm.nm&" "&$C25&" to "&$D25&".")))))))
A26: 6 | B26: =IF(LEN($L$7)>=$A26*14,MID($L$7,($A26-1)*14+1,14),"") | C26: =IF($B26="","",xSQ(VALUE(MID($B26,1,1)),VALUE(MID($B26,2,1)))) | D26: =IF($B26="","",xSQ(VALUE(MID($B26,3,1)),VALUE(MID($B26,4,1)))) | E26: =IF($B26="","",xPN(INDEX($B$10:$I$17,VALUE(MID($B26,1,1)),VALUE(MID($B26,2,1))))) | F26: =IF($B26="","",xGLY(INDEX($B$10:$I$17,VALUE(MID($B26,1,1)),VALUE(MID($B26,2,1))))) | G26: =IF($B26="","",(VALUE(MID($B26,8,7))-500000)/100) | H26: =IF($B26="","",IF(MID($B26,6,1)="1","Checkmate",IF(MID($B26,7,1)="1","Stalemate",IF(MID($B26,5,1)="1","Check",IF(INDEX($B$10:$I$17,VALUE(MID($B26,3,1)),VALUE(MID($B26,4,1)))<>"","Capture","Quiet"))))) | I26: =IF($B26="","",_xlfn.LET(_xlpm.fr,VALUE(MID($B26,1,1)),_xlpm.fc,VALUE(MID($B26,2,1)),_xlpm.tr,VALUE(MID($B26,3,1)),_xlpm.tc,VALUE(MID($B26,4,1)),_xlpm.pc,INDEX($B$10:$I$17,_xlpm.fr,_xlpm.fc),_xlpm.cp,INDEX($B$10:$I$17,_xlpm.tr,_xlpm.tc),_xlpm.ch,MID($B26,5,1)="1",_xlpm.mt,MID($B26,6,1)="1",_xlpm.st,MID($B26,7,1)="1",_xlpm.nm,xPN(_xlpm.pc),_xlpm.esc,xHANG($B$10:$I$17,_xlpm.fr,_xlpm.fc)>0,_xlpm.ck,IF(_xlpm.ch," with check",""),IF(_xlpm.mt,"Checkmate. "&_xlpm.nm&" to "&$D26&" and there is no legal reply.",IF(_xlpm.st,"Stalemate. Throws the position away, pick another move.",IF(_xlpm.cp<>"",_xlpm.nm&" takes the "&xPN(_xlpm.cp)&" on "&$D26&_xlpm.ck&".",IF(_xlpm.esc,_xlpm.nm&" escapes "&$C26&", where it can be taken, and goes to "&$D26&_xlpm.ck&".",IF(_xlpm.ch,_xlpm.nm&" "&$C26&" to "&$D26&" gives check.",_xlpm.nm&" "&$C26&" to "&$D26&".")))))))
